Ticker,Country
VWCE,Ирландия
CCL,Панама
GRFS,
GLXZ,
BF-A,САЩ
EB,САЩ
SAN,Испания
HCIL,САЩ
WABC,САЩ
STE,Ирландия
GPK,САЩ
SNAX,САЩ
BNY,САЩ
MOGU,Кайманови-ови
AVD,САЩ
WINV,САЩ
AVAL,
EMO,САЩ
NLY,САЩ
KEGS,САЩ
CJMB,САЩ
AGS,САЩ
GLSI,САЩ
ICFI,САЩ
DAWN,САЩ
TRAK,САЩ
BN,"ONTARIO, CANADA"
BRQL,САЩ
RONN,САЩ
ORGS,САЩ
MVO,САЩ
CRNC,САЩ
BDX,САЩ
KRKR,Кайманови-ови
NIE,САЩ
FTAI,
NNOX,Израел
NVAX,САЩ
ZKH,Кайманови-ови
BHIC,САЩ
CAHO,САЩ
CIVB,САЩ
ZS,САЩ
CURB,САЩ
JUPGF,Маршалови острови
BANT,САЩ
NTWK,САЩ
ORMNF,"BRITISH COLUMBIA, CANADA"
REBN,САЩ
ENTA,
SILA,САЩ
MPAA,САЩ
CEG,САЩ
UNF,САЩ
AEF,САЩ
BIOE,САЩ
BZLFY,Обединено кралство
ATRO,САЩ
SHWZ,САЩ
MAR,САЩ
TACH,Кайманови-ови
IPI,САЩ
BCC,САЩ
TVA,Кайманови-ови
ENDV,САЩ
USIO,САЩ
SOFI,САЩ
WLAC,Кайманови-ови
ESRT,САЩ
CRE,
TVAI,
CNQ,"ALBERTA, CANADA"
MYI,
EFSH,САЩ
NXRT,САЩ
FMNB,САЩ
PSTV,САЩ
NBHC,САЩ
PRSO,САЩ
AS,Кайманови-ови
EXOD,САЩ
OPTX,САЩ
ADPT,САЩ
RSSS,САЩ
RGR,САЩ
NERV,САЩ
KLTR,
BXSY,САЩ
MIDD,САЩ
REED,САЩ
GGAZF,"BRITISH COLUMBIA, CANADA"
NVS,Швейцария
TSLX,САЩ
SLP,
TAL,Кайманови-ови
TINFF,"BRITISH COLUMBIA, CANADA"
DH,САЩ
KRMD,САЩ
ALF,Кайманови-ови
FKWL,САЩ
SHEN,САЩ
SLSN,САЩ
CHMI,САЩ
KALU,САЩ
WBSR,САЩ
MC,САЩ
IMAQ,САЩ
FORLU,САЩ
CDAQF,Кайманови-ови
MGTI,САЩ
CYCN,САЩ
PGP,
JPI,САЩ
ADIA,САЩ
VMAR,"QUEBEC, CANADA"
FUPBY,
MDXG,
OUST,САЩ
QTWO,
AAP,САЩ
AMJT,САЩ
MACI,Кайманови-ови
LYRA,САЩ
HES,САЩ
PKOH,САЩ
TFSA,САЩ
HDLMY,Германия
GPUS,САЩ
PDM,САЩ
SAFE,
PLCE,
JBSS,САЩ
IMO,
RVYL,САЩ
FIS,
IRBT,САЩ
LPRO,
KNW,САЩ
VRNA,Обединено кралство
GMHS,Кайманови-ови
DIN,САЩ
CRD-A,САЩ
ATAO,САЩ
PMTR,Кайманови-ови
DOV,САЩ
VINC,
CDZI,САЩ
GREE,САЩ
L,САЩ
ALV,САЩ
MPLX,
ASTE,САЩ
RGNT,Израел
YUMC,САЩ
YORW,САЩ
AAGO,САЩ
FFMGF,"BRITISH COLUMBIA, CANADA"
AFYA,Кайманови-ови
GRAM,САЩ
PXLW,САЩ
JBAXY,
OSUR,САЩ
COCH,
NX,САЩ
IAU,САЩ
CDT,САЩ
SCGX,САЩ
FVR,САЩ
ECOX,САЩ
MBX,САЩ
BKGM,GU
BCPC,САЩ
CAPN,Кайманови-ови
BRW,САЩ
CANG,Кайманови-ови
SPOK,САЩ
ECOR,САЩ
UGA,САЩ
ASC,Маршалови острови
EGTYF,"ALBERTA, CANADA"
FIVE,САЩ
OMNI,Кайманови-ови
GTBIF,
SBIG,САЩ
IX,
CCEL,САЩ
TRC,САЩ
LYV,САЩ
LVTX,Нидерландия
HUNGF,
BRSP,САЩ
NPO,САЩ
ZGM,Кайманови-ови
FSBN,
BIVI,САЩ
OLN,САЩ
HROW,САЩ
BW,САЩ
FOR,САЩ
NCL,САЩ
HBNC,САЩ
HUN,САЩ
VBTX,САЩ
DRTTF,"ALBERTA, CANADA"
ULH,САЩ
RCON,Кайманови-ови
TRT,САЩ
QCRH,САЩ
ALTX,САЩ
CTMX,САЩ
DLNG,Маршалови острови
VBF,САЩ
SLXN,Кайманови-ови
AYRO,САЩ
LHAI,САЩ
DCGO,САЩ
WW,САЩ
POOL,САЩ
BRWC,САЩ
BKGFY,
ARLP,САЩ
BIT,САЩ
WY,САЩ
THM,"BRITISH COLUMBIA, CANADA"
LFMD,САЩ
OBE,"ALBERTA, CANADA"
BSAA,
MBUMY,
AXR,САЩ
BRFS,Бразилия
SIVR,САЩ
DHI,САЩ
BPMC,САЩ
ALRM,САЩ
EGHT,САЩ
KITL,САЩ
AEG,Бермуди
WBQNL,САЩ
CBLL,САЩ
NVVE,САЩ
BIIB,САЩ
VCNX,САЩ
FSTJ,САЩ
CTSH,
NIMU,САЩ
FCEL,САЩ
CMS-PB,САЩ
EQBK,САЩ
AIFU,Кайманови-ови
HAO,Кайманови-ови
CETX,САЩ
IDEXY,
SVVC,
ARCO,
EYPT,САЩ
GPRK,Бермуди
NEO,САЩ
GELS,Австралия
EDE,САЩ
CWH,САЩ
MNR,САЩ
BISA,САЩ
NSP,САЩ
MGLD,САЩ
TTE,Франция
JMIA,Германия
FIGS,САЩ
ASRE,САЩ
BJ,САЩ
CMCM,Кайманови-ови
MHLD,Бермуди
DRDB,Кайманови-ови
ALMS,САЩ
MSS,САЩ
MVCO,САЩ
IVCAF,Кайманови-ови
XWEL,САЩ
ATXG,САЩ
CTRM,Маршалови острови
RCKY,САЩ
STN,
BLJZY,
NEXN,Израел
PHT,САЩ
MMT,САЩ
WAB,САЩ
STNE,Кайманови-ови
AVIR,САЩ
ANG-PB,САЩ
BKV,САЩ
JRWP,Кайманови-ови
SYTA,"BRITISH COLUMBIA, CANADA"
ACFN,САЩ
EVTK,САЩ
GLEI,САЩ
BMHL,
TRTN-PA,Бермуди
FKYS,САЩ
RYET,Кайманови-ови
BHST,"BRITISH COLUMBIA, CANADA"
TSVT,САЩ
NPAC,Кайманови-ови
RMNI,САЩ
TOFB,САЩ
BRRR,САЩ
CHPT,
OLB,САЩ
BCTX,"BRITISH COLUMBIA, CANADA"
CHCI,САЩ
EVTL,Кайманови-ови
INVU,САЩ
FXCNF,
RLJ,САЩ
BBNX,САЩ
ESNT,Бермуди
MRX,Обединено кралство
AOS,САЩ
FRD,САЩ
ODP,САЩ
JYNT,САЩ
GEOS,САЩ
KALA,САЩ
ICLR,
VASO,САЩ
AIRS,
NEM,САЩ
SDHC,САЩ
CCAC,Кайманови-ови
GGBY,САЩ
HIRU,САЩ
EBCOY,
AMN,САЩ
GKOS,САЩ
CAKE,САЩ
XHLD,САЩ
MVF,САЩ
LPTH,САЩ
INND,САЩ
ASTL,"BRITISH COLUMBIA, CANADA"
AGD,САЩ
GJO,
EFOI,САЩ
PR,САЩ
PANW,САЩ
LOCO,САЩ
ARIS,САЩ
MTN,САЩ
TKMO,САЩ
CAPR,САЩ
AMX,Мексико
RLEA,САЩ
MPW,
SELF,САЩ
ZK,Кайманови-ови
BRC,САЩ
DFIN,САЩ
ENB,"ALBERTA, CANADA"
IPB,САЩ
SABA,САЩ
CUZ,САЩ
ZVSA,САЩ
PEVM,САЩ
PHLT,САЩ
BELFA,САЩ
AIRJ,САЩ
AUGG,САЩ
XERI,
EH,Кайманови-ови
PLNT,САЩ
CMPR,Ирландия
IMRX,САЩ
SAABY,
WELL,САЩ
INN,САЩ
RBTC,САЩ
HLX,САЩ
BZ,Кайманови-ови
IPOD,Кайманови-ови
PTON,
EGAN,САЩ
IPSC,САЩ
ECRO,САЩ
TIRX,Кайманови-ови
SAFX,САЩ
BKT,САЩ
DSGR,САЩ
ACHV,САЩ
BWXT,САЩ
YI,Кайманови-ови
NCV,САЩ
LSBK,UNITED STATES
CFG,САЩ
XYZ,САЩ
PRA,САЩ
SDA,Кайманови-ови
ARBB,Кайманови-ови
EHI,САЩ
PMTS,САЩ
ZYME,
SRCO,
USAR,Кайманови-ови
CION,САЩ
PLTYF,Кайманови-ови
ELS,САЩ
BTCT,Кайманови-ови
ONCO,САЩ
AAUGF,"BRITISH COLUMBIA, CANADA"
ONAR,САЩ
STEL,САЩ
RRC,САЩ
TRBMF,"BRITISH COLUMBIA, CANADA"
ATPC,САЩ
HBB,САЩ
ROL,САЩ
NGL,САЩ
IAS,САЩ
EXPE,САЩ
S,САЩ
OMSE,
LFCR,САЩ
PJT,САЩ
PROF,"ONTARIO, CANADA"
ARTV,САЩ
CTS,САЩ
JUVF,САЩ
JJSF,САЩ
BGLC,САЩ
DLHZ,Кайманови-ови
MCR,
FPI,САЩ
NSIT,САЩ
EXPO,САЩ
CATX,САЩ
SMBMY,
BGB,
TILE,САЩ
EAXR,
EGRX,САЩ
PORT,САЩ
RWAY,САЩ
WMG,САЩ
RILY,САЩ
EMMA,САЩ
EPRT,САЩ
BNGO,САЩ
IVDA,САЩ
RMCF,САЩ
TOYO,Кайманови-ови
FLXS,САЩ
SURG,САЩ
SPCE,
KG,Бермуди
ONMD,САЩ
VVX,САЩ
RANG,Кайманови-ови
USLG,САЩ
GEL,САЩ
INBK,САЩ
GOSS,САЩ
NAII,САЩ
IFRX,Нидерландия
HMBL,САЩ
BPRN,САЩ
CBNK,САЩ
SMFL,САЩ
ANGI,САЩ
OMER,САЩ
LDI,
RPD,САЩ
PAL,САЩ
DGII,САЩ
FTLF,САЩ
INDI,САЩ
RVPH,САЩ
LNKS,
AIBT,САЩ
SVM,"BRITISH COLUMBIA, CANADA"
BWFG,САЩ
GHY,
ATMV,Кайманови-ови
HIPO,САЩ
MCRP,Кайманови-ови
SNRE,Швейцария
SSD,САЩ
ITW,САЩ
FULO,САЩ
FDS,САЩ
WIMI,Кайманови-ови
VFS,Сингапур
DCSX,САЩ
GAMI,САЩ
SANM,САЩ
ACIC,САЩ
AXL,САЩ
TLX,Австралия
XPEL,САЩ
UNG,
RMM,САЩ
GPI,САЩ
ACIW,САЩ
SRBK,САЩ
KMPR,САЩ
CF,САЩ
EHAB,САЩ
NATL,САЩ
AVBP,САЩ
OMAB,Мексико
ESPA,
CJPRY,
QZMRF,"BRITISH COLUMBIA, CANADA"
ELST,САЩ
GLSA,Австралия
NTTYY,Япония
SONN,САЩ
CME,САЩ
RMMZ,
GRO,"ONTARIO, CANADA"
PDCO,САЩ
IGC,САЩ
GSHR,Кайманови-ови
FROPX,САЩ
GWAV,САЩ
STCB,САЩ
FTII,
HII,САЩ
DEVS,САЩ
SDST,САЩ
SWTX,САЩ
AGRO,
SIPN,САЩ
RCKT,САЩ
TMRD,Кайманови-ови
VAL,
BEPC,"BRITISH COLUMBIA, CANADA"
MPV,САЩ
STRM,САЩ
NRXP,САЩ
RDFN,
HYPR,САЩ
UCASU,САЩ
PCN,
MAV,САЩ
MGEE,САЩ
VFLEX,САЩ
BAND,САЩ
BLNC,САЩ
VZ,САЩ
TOVX,САЩ
VTLE,САЩ
TWFG,САЩ
MAZE,САЩ
PLMJF,Кайманови-ови
EMBC,САЩ
AAON,САЩ
LEU,САЩ
FCCI,САЩ
KITT,САЩ
ENZN,САЩ
NGLD,САЩ
AATC,САЩ
AEAE,САЩ
CRARY,
BZYR,САЩ
RENEF,Кайманови-ови
TV,
RELY,САЩ
KE,САЩ
SCSC,
PFIS,САЩ
IDWM,САЩ
SNDX,САЩ
ECTM,САЩ
HRB,САЩ
VICP,САЩ
ETHE,САЩ
EEA,
KBSR,САЩ
FCHS,САЩ
FLNC,
AQMS,САЩ
INFU,САЩ
NRSAX,САЩ
GEGP,САЩ
CRBP,САЩ
IROH,САЩ
GRVE,САЩ
PRU,САЩ
LEN,САЩ
CBFV,САЩ
GNTX,САЩ
CLOQ,
GRC,САЩ
SYF,САЩ
CODYY,Франция
SRXH,САЩ
QSI,САЩ
LRE,Япония
ADYEY,
BWG,САЩ
KMFG,САЩ
MCS,САЩ
LCHD,САЩ
UPYY,САЩ
RMTG,
CTNT,САЩ
PRO,САЩ
HLLY,САЩ
WTMA,САЩ
TAYD,САЩ
RGC,Кайманови-ови
CZNC,САЩ
SNI,
FLX,Кайманови-ови
PAYO,САЩ
CWT,САЩ
DMA,САЩ
RADX,Австралия
CRLBF,"BRITISH COLUMBIA, CANADA"
SHOP,CANADA (FEDERAL LEVEL)
NBIS,Нидерландия
SID,
CSTE,
JNPR,САЩ
IDKOY,
PGR,САЩ
CXDO,САЩ
LILIF,"BRITISH COLUMBIA, CANADA"
CPAY,САЩ
LEGN,Кайманови-ови
LIPO,САЩ
AVNT,
LQWC,САЩ
MSC,"VIRGIN ISLANDS, BRITISH"
BNRG,Израел
TLF,САЩ
BHM,САЩ
ELRE,САЩ
TG,САЩ
OXM,САЩ
BXMT,САЩ
JBHT,САЩ
SKYW,САЩ
ALTG,САЩ
RNXT,САЩ
CSGP,САЩ
IMMX,САЩ
SBUX,САЩ
QPRC,
POAS,Сингапур
PTCAY,
CMLS,САЩ
SCL,САЩ
BUDZ,САЩ
NRT,САЩ
HRBR,САЩ
NAGE,САЩ
FR,САЩ
CE,САЩ
KFY,САЩ
OPRA,Кайманови-ови
BA,САЩ
ENTX,Израел
CYDY,САЩ
TACO,Кайманови-ови
NWBI,САЩ
VPRB,
KMDA,Израел
FSLR,САЩ
M,САЩ
RDGL,САЩ
SUUN,"ONTARIO, CANADA"
QNRX,Израел
NAOV,САЩ
ITRN,Израел
MPIR,САЩ
BILI,Кайманови-ови
IDAI,САЩ
WRN,"BRITISH COLUMBIA, CANADA"
WIT,
HSAI,Кайманови-ови
NPB,САЩ
ORIB,САЩ
RDVT,САЩ
MS,САЩ
SIFY,
AMRC,САЩ
UTG,САЩ
AVPT,САЩ
PBI,САЩ
BAESY,Обединено кралство
RLGT,САЩ
MGHL,
BEDU,Кайманови-ови
LSB,Кайманови-ови
MGF,САЩ
TXNM,САЩ
NN,САЩ
SGLY,
IDT,САЩ
DCOM,САЩ
BABA,HONG KONG
APTV,JERSEY
GASS,Маршалови острови
FLC,САЩ
DVA,САЩ
HIG,САЩ
SCLX,САЩ
SGRP,САЩ
GLTK,САЩ
IAE,САЩ
FORTY,Израел
CLPT,САЩ
HLGN,САЩ
CHEK,Израел
WYHG,HONG KONG
AMTB,САЩ
FNMA,
NCA,САЩ
WSBC,САЩ
SRLZF,"BRITISH COLUMBIA, CANADA"
SLE,САЩ
VIK,Бермуди
CAG,САЩ
DOMO,САЩ
CHCO,САЩ
SKIL,САЩ
TOL,САЩ
ZPHYF,CANADA (FEDERAL LEVEL)
LEGT,Кайманови-ови
KMT,САЩ
CLNN,САЩ
PRGS,САЩ
EQR,САЩ
SIRC,
FCT,
SKE,"BRITISH COLUMBIA, CANADA"
IDXG,САЩ
LEEN,САЩ
SXC,
GYRO,САЩ
RFM,САЩ
SNBR,САЩ
GJH,
VRA,
EQH,САЩ
WIA,САЩ
TGEN,САЩ
NICE,
GWIN,САЩ
INTZ,САЩ
HPK,САЩ
LBUY,САЩ
NTLA,САЩ
STRZ,"BRITISH COLUMBIA, CANADA"
AUUD,САЩ
SFL,
ICTSF,Нидерландия
COOK,САЩ
GLDG,"BRITISH COLUMBIA, CANADA"
REFR,САЩ
MTLS,
EE,САЩ
EDBL,САЩ
BYOC,САЩ
CIA,САЩ
NCRA,САЩ
GGAL,Аржентина
XYL,САЩ
GLNG,Бермуди
OPRX,САЩ
RELX,Обединено кралство
TKCM,САЩ
ATS,"ONTARIO, CANADA"
SONX,САЩ
PX,САЩ
FMST,"BRITISH COLUMBIA, CANADA"
FWONA,САЩ
FELE,САЩ
PCLA,Япония
CCRD,САЩ
MOMO,
SKYH,САЩ
BAC,САЩ
BTZ,САЩ
EPSM,"VIRGIN ISLANDS, BRITISH"
DBRG,САЩ
CERS,САЩ
HY,САЩ
NIU,Кайманови-ови
BFS,САЩ
LIMX,САЩ
HRMY,САЩ
SEVCF,Нидерландия
MGRX,САЩ
SENR,САЩ
PI,САЩ
BHF,САЩ
ELME,САЩ
GRMN,Швейцария
CPB,САЩ
LESL,САЩ
FVCB,САЩ
GLNS,САЩ
PAM,Аржентина
VHAI,САЩ
FARO,САЩ
BYLT,САЩ
SCPX,САЩ
NXC,САЩ
DLB,САЩ
FUFU,
JAMF,САЩ
SPRO,САЩ
ODD,Израел
INGR,САЩ
BMRC,САЩ
BTMD,
VEON,Бермуди
RVTY,САЩ
SBRA,САЩ
ALK,САЩ
TRTX,САЩ
FTSP,САЩ
OPT,Австралия
FDBC,САЩ
RDN,САЩ
GIB,
VNTH,САЩ
SEPN,САЩ
USO,САЩ
DBC,
MGYR,
ESI,
ETX,САЩ
LZM,ISLE OF MAN
CENX,САЩ
BLND,САЩ
PMAX,"VIRGIN ISLANDS, BRITISH"
ZRCN,САЩ
WIW,САЩ
SPRS,САЩ
UPLD,САЩ
CYH,САЩ
BIDU,Кайманови-ови
INOD,САЩ
BLD,САЩ
STR,САЩ
VINP,Кайманови-ови
MVBF,САЩ
HLIT,САЩ
NTNX,САЩ
TFLM,САЩ
POR,САЩ
GORO,САЩ
FINV,Кайманови-ови
CRBG,САЩ
SMLR,САЩ
SPPP,"ONTARIO, CANADA"
EYEN,САЩ
AACG,Кайманови-ови
MCRI,САЩ
IOSP,САЩ
SAND,"BRITISH COLUMBIA, CANADA"
WGRX,САЩ
GLGI,
GLD,
WAY,САЩ
TRMK,САЩ
JOUT,САЩ
ICDX,САЩ
NBR,Бермуди
CUE,САЩ
RVP,САЩ
ATNF,САЩ
OFG,PR
KGC,
NET,САЩ
CNF,Кайманови-ови
VWFB,
ARM,Обединено кралство
TCI,САЩ
CMHSF,"ALBERTA, CANADA"
AGTX,САЩ
UTZ,САЩ
JANL,САЩ
SMID,САЩ
BKPTY,Индонезия
LCCN,САЩ
DSS,САЩ
AMOD,САЩ
JFBR,Израел
RCT,Обединено кралство
CYRX,САЩ
BNL,
FISI,САЩ
AWCA,САЩ
AX,САЩ
VRME,САЩ
GCV,САЩ
ASTI,САЩ
GWH,САЩ
OCFT,
OLO,
CRYM,САЩ
PDYN,САЩ
HTCR,САЩ
ACT,САЩ
GSK,Обединено кралство
ONEI,САЩ
CRTAF,Кайманови-ови
KRG,САЩ
SMTGY,
DLXY,Кайманови-ови
CERT,САЩ
RLX,Кайманови-ови
BHLD,САЩ
HBIA,САЩ
NEOG,САЩ
INAB,САЩ
XAGE,САЩ
ATAI,Нидерландия
MAX,САЩ
TGNA,САЩ
DIBS,САЩ
AGRZ,Кайманови-ови
SCYYF,"BRITISH COLUMBIA, CANADA"
SWIM,САЩ
AUMN,САЩ
STRS,САЩ
GXXM,САЩ
SLI,"BRITISH COLUMBIA, CANADA"
DAR,САЩ
CWEN,САЩ
GRFXY,Кайманови-ови
ACV,САЩ
WKHS,САЩ
LNG,САЩ
MGRC,САЩ
WDC,САЩ
SNCY,САЩ
FMY,
NTST,САЩ
SEDG,САЩ
ISRL,Кайманови-ови
CYCA,САЩ
LODE,САЩ
HUMA,САЩ
MTH,САЩ
KRNY,
MBBC,
NTES,
VMC,САЩ
EU,"BRITISH COLUMBIA, CANADA"
TRNS,САЩ
SPTJF,
KWR,САЩ
KLAC,САЩ
IDR,САЩ
OMQS,САЩ
LIANY,Кайманови-ови
WFF,Кайманови-ови
AUR,САЩ
CDR-PB,САЩ
FTNT,
EMPG,Кайманови-ови
FE,САЩ
LXEH,
CMBT,Белгия
LFS,Япония
CIIT,САЩ
INTJ,
TPVG,САЩ
RPAY,САЩ
TXT,САЩ
GRAF,Кайманови-ови
RDAG,Кайманови-ови
YAMHF,Япония
MLP,САЩ
STOK,САЩ
AREC,САЩ
NOVT,"NEW BRUNSWICK, CANADA"
CADCX,САЩ
NYAX,Израел
WDH,Кайманови-ови
PMFAX,САЩ
NPLS,САЩ
AREB,САЩ
COTY,
SHG,
CNXC,САЩ
JEF,САЩ
ORA,САЩ
ESAB,САЩ
UMBF,САЩ
DREM,САЩ
SEED,BRITISH INDIAN OCEAN TERRITORY
ALG,САЩ
BCML,
PAC,Мексико
PPL,
ANF,САЩ
DMRC,САЩ
LAMR,САЩ
PMX,САЩ
THRM,САЩ
TETOF,"BRITISH COLUMBIA, CANADA"
IPM,САЩ
AXP,САЩ
CMOT,САЩ
TAIT,САЩ
ONTF,САЩ
LION,
V,САЩ
STNG,
NE,Обединено кралство
MPVDF,"ONTARIO, CANADA"
SKVI,САЩ
AEI,САЩ
PYXS,САЩ
AGLY,САЩ
ZYBT,Китай
UHGI,САЩ
NUTX,САЩ
ET,САЩ
GBX,САЩ
NUVL,САЩ
BBUC,"BRITISH COLUMBIA, CANADA"
KPEA,
PLUT,Кайманови-ови
LNC,САЩ
SVCO,САЩ
GDL,САЩ
EQNR,
HAIAF,
AGO,Бермуди
AKO-A,
ONFO,САЩ
CRVO,САЩ
INDO,Кайманови-ови
HKIT,Кайманови-ови
SLDC,САЩ
LITB,
AZ,"BRITISH COLUMBIA, CANADA"
SPTY,САЩ
NSPR,САЩ
CCCM,Кайманови-ови
PAIYY,Кайманови-ови
CIGI,"ONTARIO, CANADA"
BOOT,САЩ
ALSMY,
CRGY,САЩ
PRKS,САЩ
BGFR,
TBN,САЩ
RLNDF,Бермуди
LPBB,Кайманови-ови
HOLX,САЩ
MOS,
RGLS,САЩ
MB,HONG KONG
SPAUF,"ALBERTA, CANADA"
TCBX,САЩ
SOUL,Кайманови-ови
RECT,Кайманови-ови
CEPU,Аржентина
YRD,Кайманови-ови
XNET,
PNFP,САЩ
ICAD,САЩ
KLNG,САЩ
SPB,САЩ
AQUC,
WAFU,"VIRGIN ISLANDS, BRITISH"
AEVA,САЩ
DC,САЩ
BSX,САЩ
SFNC,САЩ
UTI,САЩ
PMHG,САЩ
KMX,САЩ
COOP,САЩ
UTF,
ERIC,Швеция
PNBK,САЩ
TXRH,САЩ
EJH,Кайманови-ови
AMPH,
JLHL,
TJX,САЩ
VLGEA,САЩ
WCT,
ACN,Ирландия
QXO,САЩ
XFOR,САЩ
MYSZ,САЩ
CIVI,САЩ
ESSA,
LTUM,
DSGX,"ONTARIO, CANADA"
CXE,
CTKB,САЩ
KEYS,САЩ
BOH,САЩ
NRG,САЩ
GTII,САЩ
TTGT,САЩ
CREG,САЩ
GLACF,Кайманови-ови
SOUN,САЩ
FTK,САЩ
RKDA,САЩ
WEBNF,Австралия
BJRI,САЩ
SEZL,САЩ
PMEDF,"BRITISH COLUMBIA, CANADA"
AQB,САЩ
MREO,Обединено кралство
UUUU,"ONTARIO, CANADA"
EDSA,"BRITISH COLUMBIA, CANADA"
PLYM,САЩ
IRME,САЩ
VIGL,САЩ
TRIN,САЩ
MITK,САЩ
AYR,Бермуди
KNF,САЩ
CTBI,САЩ
SPEV,САЩ
AMPY,
ISPC,САЩ
SHOO,САЩ
CINT,Кайманови-ови
STRA,САЩ
ONTO,САЩ
MGPI,САЩ
DQWS,САЩ
FAMI,Кайманови-ови
BXMX,САЩ
VGI,САЩ
HYFM,САЩ
SOCGP,САЩ
TWI,САЩ
XCAPX,
SEPSF,"BRITISH COLUMBIA, CANADA"
EVCM,САЩ
AAMI,САЩ
WMS,САЩ
EEGI,САЩ
GVH,Кайманови-ови
ARMN,"BRITISH COLUMBIA, CANADA"
ETHA,САЩ
REFI,САЩ
FATE,
DXF,Кайманови-ови
AMCX,САЩ
BV,САЩ
NNY,САЩ
A,САЩ
PBH,
AMG,САЩ
POWL,САЩ
CODX,САЩ
BGC,
PUCK,САЩ
SBGI,САЩ
COLA,
ALOT,САЩ
ACON,САЩ
PFBC,САЩ
SMTSF,CANADA (FEDERAL LEVEL)
OCC,САЩ
TUTH,САЩ
SMCI,САЩ
HTHIY,
PRTC,Обединено кралство
JCI,Ирландия
CMBM,Кайманови-ови
DXPPY,Австралия
TRML,САЩ
PB,САЩ
DBI,САЩ
MCLE,САЩ
FCF,САЩ
XIFR,
AWR,САЩ
DE,САЩ
UFG,
IOVA,САЩ
MMMW,САЩ
JSPR,САЩ
SHW,САЩ
RRBI,САЩ
GRP-UN,"ONTARIO, CANADA"
CRDL,"ONTARIO, CANADA"
ANPA,
GBR,САЩ
DROR,САЩ
GIBO,Кайманови-ови
SLGL,Израел
CMCSA,САЩ
EPOW,
SD,САЩ
PAYC,САЩ
TNBI,САЩ
RXST,САЩ
LINC,САЩ
SFM,САЩ
SCPH,САЩ
LEXX,САЩ
VNTG,
SPLP,САЩ
VNET,
FXNC,САЩ
SHLS,САЩ
CRCW,САЩ
CBDW,САЩ
SMMT,
JZXN,Кайманови-ови
GBTC,САЩ
TC,Кайманови-ови
ATMP,Обединено кралство
APPS,САЩ
BRY,САЩ
ELP,
AMTM,САЩ
PHX,САЩ
HKPD,Кайманови-ови
WAST,САЩ
NWGL,"VIRGIN ISLANDS, BRITISH"
BLNK,САЩ
CGEN,Израел
SRAX,САЩ
LNTH,САЩ
ABUS,"BRITISH COLUMBIA, CANADA"
EVV,
LSH,САЩ
REYN,САЩ
DCBO,CANADA (FEDERAL LEVEL)
XTIA,САЩ
WDDD,САЩ
VLDX,САЩ
EOT,
JBDI,Кайманови-ови
MDCX,"ONTARIO, CANADA"
GSHD,САЩ
OGI,CANADA (FEDERAL LEVEL)
NIXX,САЩ
ACM,САЩ
LOVE,САЩ
SLF,CANADA (FEDERAL LEVEL)
STKH,Израел
MUC,САЩ
AHR,САЩ
GRCE,САЩ
TRVI,САЩ
SOND,САЩ
DFP,
BGL,
RNR,Бермуди
VANI,САЩ
ADAG,Кайманови-ови
PGOL,САЩ
WSBK,САЩ
NROM,САЩ
AHG,Кайманови-ови
DERM,САЩ
LPG,Маршалови острови
WVVI,САЩ
CMTG,САЩ
AFIB,САЩ
CRMT,САЩ
CVBF,САЩ
NTRR,САЩ
BBIO,САЩ
TVTX,САЩ
ENOV,САЩ
XPTFX,
MIRM,САЩ
GNTOF,Кайманови-ови
KRC,САЩ
USDP,САЩ
HALB,САЩ
WRAP,САЩ
BSAC,
IDN,САЩ
FUJIY,
ZWS,САЩ
MEI,САЩ
BAYA,Кайманови-ови
MWYN,САЩ
CATO,САЩ
GDC,САЩ
CLNV,САЩ
FTEK,САЩ
STAK,Кайманови-ови
NVSGF,"BRITISH COLUMBIA, CANADA"
BIO,САЩ
VRTX,САЩ
SILEF,"BRITISH COLUMBIA, CANADA"
SUGP,Кайманови-ови
LOGC,САЩ
NVNI,Кайманови-ови
CCU,
EKSO,САЩ
IXHL,САЩ
NTRP,САЩ
NFGC,"BRITISH COLUMBIA, CANADA"
NVCT,САЩ
PITEF,Ирландия
SMC,САЩ
QLYS,САЩ
CYJBY,
PDD,Кайманови-ови
SERV,САЩ
SSP,САЩ
MBC,САЩ
EAI,САЩ
XPO,
NAMS,Нидерландия
FMFG,САЩ
RBKB,САЩ
AIO,САЩ
FUTU,Кайманови-ови
OPY,САЩ
AAAU,САЩ
GRND,САЩ
MSTH,САЩ
SLAB,САЩ
PPG,САЩ
ZOMDF,"ALBERTA, CANADA"
EBMT,САЩ
CRCT,САЩ
SLN,Обединено кралство
FPF,
CNNE,САЩ
CHUC,САЩ
EBON,Кайманови-ови
THTX,"QUEBEC, CANADA"
GPRE,САЩ
TDAC,
GUT,САЩ
IMKTA,САЩ
BDSX,САЩ
AMLX,САЩ
MESA,САЩ
GBAT,САЩ
MLCI,САЩ
YBCN,
APGE,
JVA,САЩ
PKG,
FXB,САЩ
OWL,САЩ
PCAR,САЩ
ALID,САЩ
AJG,САЩ
FZMD,САЩ
BGI,
HMLPF,Маршалови острови
PRFX,Израел
MLEC,Люксембург
ACCO,САЩ
UFPT,САЩ
WBD,САЩ
GDRZF,Бермуди
WTW,Ирландия
VS,"BRITISH COLUMBIA, CANADA"
LCGMF,"BRITISH COLUMBIA, CANADA"
SFBC,САЩ
NUKK,САЩ
NUWE,САЩ
USLM,САЩ
TLIF,САЩ
BSEM,САЩ
GFL,"ONTARIO, CANADA"
LIVN,Обединено кралство
SFRX,
TAOP,"VIRGIN ISLANDS, BRITISH"
MLAC,
GTN,САЩ
CCAP,САЩ
WES,САЩ
ABVC,САЩ
OKMN,САЩ
CHY,
CLOW,САЩ
KTB,САЩ
ATMH,САЩ
HONE,САЩ
NDSN,САЩ
PSMT,САЩ
SYRS,САЩ
FENC,"BRITISH COLUMBIA, CANADA"
DBVT,Франция
UEIC,САЩ
RRX,САЩ
EXOZ,САЩ
PFG,САЩ
SONG,САЩ
HEI,САЩ
DWSN,САЩ
HBI,САЩ
NTIP,САЩ
VST,САЩ
NEPH,САЩ
MRSN,САЩ
PTBRY,
HITI,"ALBERTA, CANADA"
SAIL,САЩ
ZUMZ,САЩ
NLST,САЩ
TELA,САЩ
GNLX,САЩ
ASFT,САЩ
ACMR,САЩ
IVZ,Бермуди
AROW,САЩ
ERKH,САЩ
NWTG,САЩ
LFVN,
MEHCQ,
ST,
ALXO,САЩ
TTWO,САЩ
TDIC,Кайманови-ови
CMG,
AMZN,САЩ
DNB,
BOW,САЩ
KGS,САЩ
DLO,Кайманови-ови
FFA,
UMEWF,"VIRGIN ISLANDS, BRITISH"
DKS,САЩ
TXG,САЩ
SITC,САЩ
VEL,САЩ
MASN,САЩ
MUX,САЩ
THG,САЩ
JLS,САЩ
YYGH,
PMF,САЩ
FGI,Кайманови-ови
ANIP,САЩ
ALEX,САЩ
PRPI,САЩ
GEVO,САЩ
LNBY,САЩ
ATGFF,CANADA (FEDERAL LEVEL)
SVA,Антигуа и Барбуда
AUTL,Обединено кралство
CIFR,
ORRCF,"BRITISH COLUMBIA, CANADA"
DBB,САЩ
AFJK,
JILL,САЩ
MAQC,САЩ
CDGLY,
VCRRX,САЩ
WRD,Кайманови-ови
COGT,САЩ
BCV,САЩ
EVN,
PERF,Кайманови-ови
GSUN,Кайманови-ови
HFUS,САЩ
JUNE,"VIRGIN ISLANDS, BRITISH"
ENSC,САЩ
SLB,NETHERLANDS ANTILLES
ENFY,САЩ
PEW,САЩ
HRZN,САЩ
HOPE,САЩ
ES,САЩ
HFFG,САЩ
TPC,САЩ
HPE,САЩ
FCO,САЩ
HCNWF,"BRITISH COLUMBIA, CANADA"
MYN,
INBX,САЩ
PLTK,
JKS,Кайманови-ови
CILJF,Китай
NWN,САЩ
MDBH,САЩ
MNDO,
DXST,
CAIXY,
PCRX,САЩ
MTEN,
PRKA,САЩ
DK,САЩ
VPER,САЩ
HNST,САЩ
FUST,САЩ
DAIO,САЩ
QYOUF,"ONTARIO, CANADA"
SEVN,САЩ
BCHG,САЩ
LIQT,САЩ
TELNY,
MATW,САЩ
SUPN,САЩ
DRVN,САЩ
MIN,САЩ
LOPE,САЩ
CHGG,САЩ
CERO,САЩ
JETR,САЩ
BOKF,САЩ
TZOO,САЩ
ESCA,САЩ
GOLLQ,Бразилия
SPAI,САЩ
SNA,САЩ
IHRT,
GAIA,САЩ
ODC,САЩ
NVMI,
CRF,САЩ
TVE,
SABR,САЩ
WYGC,САЩ
GPRO,САЩ
GRVY,"KOREA, REPUBLIC OF"
WB,Кайманови-ови
FHLD,САЩ
IMVT,САЩ
RFI,САЩ
TCX,САЩ
FSREI,САЩ
IONQ,САЩ
POET,"ONTARIO, CANADA"
IART,САЩ
TLS,САЩ
RSG,САЩ
MRVL,САЩ
RKT,САЩ
HWH,САЩ
CNXN,САЩ
DLHC,САЩ
RMR,САЩ
EARN,САЩ
RBCAA,САЩ
SPIR,САЩ
BCRD,САЩ
CSLMF,
ANGH,Кайманови-ови
BREA,Ирландия
FBIN,САЩ
SGBAF,Люксембург
WIGBY,
ZKGCF,Кайманови-ови
SENEA,САЩ
PLX,САЩ
ZGN,Нидерландия
RAPT,САЩ
BYND,САЩ
TKR,САЩ
DHX,САЩ
CBNT,САЩ
STRG,САЩ
EVR,САЩ
SCI,САЩ
CSV,САЩ
CRGH,САЩ
HGLD,"BRITISH COLUMBIA, CANADA"
PKKFF,CANADA (FEDERAL LEVEL)
WFRD,
BTM,
BOTY,САЩ
UPXI,САЩ
ADM,САЩ
CSAN,Бразилия
FAST,САЩ
SPFX,САЩ
NTHI,САЩ
BMNM,САЩ
DHY,САЩ
TR,САЩ
DEC,Обединено кралство
FACT,Кайманови-ови
FUNC,САЩ
QS,САЩ
PGY,Израел
YXT,Кайманови-ови
NBIX,САЩ
TIGO,
NMAX,САЩ
NAD,САЩ
CVI,САЩ
HTCO,Кайманови-ови
TITN,САЩ
OUNZ,САЩ
DLY,САЩ
MET,САЩ
PII,САЩ
CETY,САЩ
NMTC,САЩ
DHR,САЩ
CMCO,САЩ
AZUL,Бразилия
PROK,Кайманови-ови
ADD,Кайманови-ови
NAMI,Кайманови-ови
PCCYF,Китай
WULF,САЩ
LSF,САЩ
SMA,САЩ
NUV,САЩ
LICYF,"ONTARIO, CANADA"
DDI,"KOREA, REPUBLIC OF"
POWW,САЩ
EGLXF,"BRITISH COLUMBIA, CANADA"
CNK,САЩ
RMTI,САЩ
YQAI,САЩ
RDHL,Израел
APLT,САЩ
BEGI,САЩ
MKZR,САЩ
NAK,"BRITISH COLUMBIA, CANADA"
HWKE,САЩ
EJPRY,
TALO,САЩ
LUCY,САЩ
GEMZ,САЩ
PSX,САЩ
OCCI,
RNTX,
MAGN,САЩ
ENRT,САЩ
RNGR,САЩ
HMELF,Израел
EAT,САЩ
LEG,САЩ
XONI,САЩ
VBFC,САЩ
MDAI,САЩ
BUKS,САЩ
CNTHP,САЩ
PPRUY,
SPOT,Люксембург
EQS,САЩ
BSTT,САЩ
GLLI,САЩ
ASR,
INTG,САЩ
GSG,САЩ
SGOL,САЩ
NEE,САЩ
FUSB,САЩ
IOCJY,
PRPO,САЩ
IPDN,САЩ
KLG,САЩ
HBNB,Кайманови-ови
DXYZ,САЩ
CYAN,САЩ
AIAD,САЩ
NXG,САЩ
NKGN,САЩ
JAGX,САЩ
PDX,САЩ
NXJ,САЩ
BCSF,САЩ
BIOLQ,САЩ
SGRY,САЩ
DIS,САЩ
DXR,САЩ
UFI,САЩ
PDO,САЩ
GTHP,САЩ
NCNA,Обединено кралство
FDX,САЩ
SLG,САЩ
CPHC,САЩ
OWPC,САЩ
JFU,Кайманови-ови
IREN,Австралия
SKKY,САЩ
GDST,
ATLC,САЩ
WAFD,САЩ
NUS,САЩ
TSI,САЩ
VRNT,САЩ
SSTI,
COP,САЩ
AUPH,
NTB,Бермуди
SRE,САЩ
ENZB,САЩ
BDRL,САЩ
CNA,САЩ
GBUX,САЩ
ROCK,САЩ
GFMH,
ACGL,
KENS,САЩ
FNB,САЩ
LUCK,САЩ
CLGN,Израел
RMSG,Кайманови-ови
OII,САЩ
SLDP,САЩ
ZM,САЩ
COYA,САЩ
SHPH,САЩ
HBCP,САЩ
AXSM,САЩ
EPWK,САЩ
CLW,САЩ
BRT,САЩ
UMC,"TAIWAN, PROVINCE OF CHINA"
RBNE,Маршалови острови
BBWI,САЩ
GSL,Маршалови острови
DUK,САЩ
CMCL,
QQQ,
PRG,САЩ
YHC,САЩ
STUB,САЩ
SMPL,
VOXR,"ONTARIO, CANADA"
SLM,САЩ
BRBR,
NTR,CANADA (FEDERAL LEVEL)
SII,"ONTARIO, CANADA"
GLRE,
VGES,САЩ
MDGL,САЩ
OBIO,САЩ
IQ,Кайманови-ови
NVT,Ирландия
ETV,
PLL,
WSBF,САЩ
LTAFX,САЩ
GLDM,САЩ
CNEY,"VIRGIN ISLANDS, BRITISH"
USGO,САЩ
DKL,САЩ
SKYX,САЩ
GBLX,САЩ
INVA,САЩ
ZCSH,САЩ
CCLFX,САЩ
SFCO,САЩ
HAE,САЩ
MOH,САЩ
BLTE,Кайманови-ови
DLTR,САЩ
EEX,САЩ
PLNH,САЩ
TALK,САЩ
MKL,САЩ
CVX,САЩ
IR,САЩ
LKNCY,Кайманови-ови
LPLA,САЩ
NAAS,Кайманови-ови
GIC,САЩ
GCEHQ,САЩ
INMB,САЩ
XALCX,
SIM,
LTBR,САЩ
IIM,САЩ
NCLH,Бермуди
HOG,САЩ
SPND,САЩ
BILL,
PRCT,САЩ
DTGI,САЩ
TTNP,САЩ
BMTM,САЩ
SAIH,
FMN,САЩ
HZO,САЩ
UFCS,
CTBB,САЩ
ATDS,САЩ
SLGN,САЩ
EL,САЩ
ETB,
LOWLF,"BRITISH COLUMBIA, CANADA"
PEGRY,
KYTFY,Япония
XDT,
GMAB,
NWL,САЩ
QTRX,САЩ
PCF,САЩ
RVMD,САЩ
IT,САЩ
CDSG,САЩ
DGLY,САЩ
CLAR,САЩ
CRBU,САЩ
VRNOF,"BRITISH COLUMBIA, CANADA"
GRDN,САЩ
INKS,Кайманови-ови
AGNC,
COCO,САЩ
CRAC,Кайманови-ови
ULCC,САЩ
HLI,
CREV,Ирландия
MBIN,САЩ
SIGI,САЩ
TIGR,Кайманови-ови
WENN,Кайманови-ови
VIOT,Кайманови-ови
ICCM,Израел
FITB,САЩ
GLTR,САЩ
XAEIU,САЩ
RRR,САЩ
AU,
STTK,САЩ
ESTA,"VIRGIN ISLANDS, BRITISH"
VPV,САЩ
SPR,САЩ
GLPG,
PREJF,
DEA,САЩ
IGIC,Бермуди
SRG,САЩ
VSME,"VIRGIN ISLANDS, BRITISH"
DTI,САЩ
HMR,
BQST,САЩ
OTLK,САЩ
IAUX,"BRITISH COLUMBIA, CANADA"
PAXS,САЩ
TPB,САЩ
IESC,САЩ
MIESY,
LGL,САЩ
NWBO,САЩ
ABG,САЩ
EBC,САЩ
EMDF,САЩ
NGCG,САЩ
TYZ,Кайманови-ови
HR,
AWHL,САЩ
YMAT,
WINA,САЩ
BALL,САЩ
JFB,САЩ
IMAX,"ONTARIO, CANADA"
VXRT,САЩ
BH-A,САЩ
NHTC,САЩ
BFZ,САЩ
BHC,САЩ
ABR,САЩ
PIM,САЩ
CNC,САЩ
VSTA,Кайманови-ови
LI,Кайманови-ови
EPC,САЩ
LGIH,САЩ
MG,САЩ
NFLX,САЩ
GLAI,САЩ
ELC,САЩ
NUGN,САЩ
EXK,"BRITISH COLUMBIA, CANADA"
YDES,Кайманови-ови
CHA,
FSM,"BRITISH COLUMBIA, CANADA"
UNIT,САЩ
CEVA,САЩ
UBOH,САЩ
RIV,САЩ
SPHR,
ML,САЩ
NDLS,
EZBC,САЩ
DIT,САЩ
SING,САЩ
HOUS,САЩ
NTZ,
DTST,САЩ
PEB,САЩ
ZENA,CANADA (FEDERAL LEVEL)
BRZE,САЩ
IBM,САЩ
ICR-PA,САЩ
SHEL,Обединено кралство
VRSK,САЩ
FI,САЩ
KROS,
HL,САЩ
RTX,САЩ
VRDR,САЩ
CNTM,САЩ
INTV,САЩ
RNW,Индия
PEBK,САЩ
DGX,САЩ
CPHI,САЩ
NSYS,САЩ
IPGP,САЩ
RSKD,Израел
ADN,САЩ
BUUU,
YCQH,САЩ
UPS,САЩ
ENVX,
TNDM,САЩ
NORD,САЩ
MLSS,САЩ
KPTI,САЩ
LBTYA,
ASFH,САЩ
TBLD,САЩ
RMCO,САЩ
JG,Кайманови-ови
ENTG,САЩ
CHN,САЩ
RCS,САЩ
PTNT,САЩ
SNWR,САЩ
MLTX,Кайманови-ови
MPU,Кайманови-ови
PRTS,САЩ
VFL,САЩ
HNGE,САЩ
RHP,САЩ
BIXT,САЩ
NUVOQ,Израел
NEUE,САЩ
SKWD,САЩ
ATXI,САЩ
MAN,САЩ
MNDR,Кайманови-ови
VGZ,
CRAI,САЩ
RIG,Швейцария
AMSF,САЩ
BETRF,"BRITISH COLUMBIA, CANADA"
IGT,Обединено кралство
ATMU,
CWCO,Кайманови-ови
PEP,САЩ
AKR,САЩ
LPTV,САЩ
CRL,
AKYA,САЩ
AVDL,
SCNX,САЩ
PGFF,САЩ
FFIN,САЩ
PKE,САЩ
TKHVY,
BAH,САЩ
FIZZ,САЩ
VMEO,
VKQ,САЩ
ACP,
FDMT,САЩ
EHC,САЩ
ATER,САЩ
VERX,САЩ
SSYS,Израел
GILT,
AMMX,САЩ
CNH,Нидерландия
SAGT,Малайзия
INVZ,Израел
FWRG,САЩ
LGND,САЩ
NVDA,САЩ
WLDS,Израел
HAL,САЩ
CMDB,Маршалови острови
MED,САЩ
DHIL,САЩ
CABO,САЩ
XCUR,САЩ
RGPX,САЩ
FRPT,САЩ
HKD,Кайманови-ови
SFST,САЩ
NVEC,САЩ
SRCE,САЩ
VERO,САЩ
TGLS,Кайманови-ови
THS,САЩ
BLMZ,Кайманови-ови
SHRG,САЩ
OCLN,САЩ
PHK,
JLCN,
CRM,САЩ
CLPS,Кайманови-ови
FALC,САЩ
MDT,
KHOB,САЩ
EGY,САЩ
JZ,Кайманови-ови
GCBC,САЩ
GNOLF,САЩ
MGSD,САЩ
SHBI,САЩ
CIXXF,"ONTARIO, CANADA"
CTSO,САЩ
CLRCF,Кайманови-ови
MOLN,Швейцария
FBIO,САЩ
PHI,
TECX,САЩ
MRP,САЩ
EPRX,"BRITISH COLUMBIA, CANADA"
NPCT,САЩ
OWLT,САЩ
GLBS,Маршалови острови
AGXPF,"BRITISH COLUMBIA, CANADA"
GEHDF,
CJAX,САЩ
ERAS,САЩ
CNS,САЩ
KWM,Кайманови-ови
MRK,САЩ
BHE,САЩ
TRN,САЩ
HLMN,САЩ
RXT,САЩ
NBXG,САЩ
IBP,САЩ
DORM,САЩ
DSU,САЩ
OHI,САЩ
CTA-PB,САЩ
TESI,САЩ
IFN,САЩ
AB,САЩ
SHZNF,
BPTH,САЩ
SRGZ,САЩ
PH,САЩ
HAVA,Кайманови-ови
RSVR,
AIRG,
ASPS,Люксембург
BRN,САЩ
ROP,САЩ
ACTG,САЩ
PTEN,САЩ
BSM,САЩ
PCH,САЩ
JNJ,САЩ
UCAR,Кайманови-ови
PFE,САЩ
AIV,САЩ
TSBK,САЩ
BGM,Кайманови-ови
RLFTF,Швейцария
QNST,
NRDY,САЩ
JHS,САЩ
RGTI,САЩ
ESQ,САЩ
ANEB,САЩ
TUYA,Кайманови-ови
CNL,"ONTARIO, CANADA"
TSLA,САЩ
BLDE,САЩ
TURB,Испания
EOSE,САЩ
PWP,САЩ
SYK,САЩ
WHG,САЩ
EGRVF,
HDL,Кайманови-ови
CON,САЩ
TW,САЩ
GRX,САЩ
RMSL,САЩ
MHO,САЩ
MNTN,САЩ
PDLB,САЩ
BCAT,САЩ
CIGL,"VIRGIN ISLANDS, BRITISH"
NMRK,САЩ
OTLY,Швеция
TENX,САЩ
SYNA,САЩ
CELZ,САЩ
NHIC,
PRLD,САЩ
XMTR,САЩ
SLAMF,Кайманови-ови
WTII,САЩ
SPTN,САЩ
VTN,САЩ
MRCY,САЩ
FCUL,САЩ
MHUA,Кайманови-ови
EXG,
TPTA,САЩ
TLN,САЩ
PLTM,САЩ
CLST,
FRZT,САЩ
MUFG,
GOOS,"BRITISH COLUMBIA, CANADA"
VKTX,САЩ
GPFT,САЩ
X,САЩ
XHG,
HIMX,Кайманови-ови
TRIP,САЩ
FN,
CENT,САЩ
BDPT,САЩ
BLK,САЩ
CHKIF,Китай
MGA,
ELTX,САЩ
INTR,Кайманови-ови
XSIAX,
NUVB,САЩ
GRST,САЩ
GRPS,САЩ
CADL,САЩ
CNTX,САЩ
KNOP,Маршалови острови
FTRE,
NBY,САЩ
R,САЩ
VSAT,САЩ
VIAV,САЩ
MAXN,Сингапур
AROC,
MOBQ,САЩ
QNTO,САЩ
TPG,САЩ
BDCC,САЩ
DINO,САЩ
VTEX,Кайманови-ови
SMRT,САЩ
IPX,Австралия
PAGP,САЩ
NOTV,САЩ
LYTHF,"VIRGIN ISLANDS, BRITISH"
GCL,
FRGT,"VIRGIN ISLANDS, BRITISH"
UP,
CRGX,САЩ
APDN,САЩ
ASPU,САЩ
DDC,Кайманови-ови
ANNX,САЩ
NXEN,САЩ
ALVO,Люксембург
SKAS,САЩ
LRHC,САЩ
TSLVF,"BRITISH COLUMBIA, CANADA"
PACS,САЩ
MTD,САЩ
NBTB,САЩ
ENLV,Израел
ETHV,САЩ
CB,Швейцария
AMT,САЩ
ACOG,"BRITISH COLUMBIA, CANADA"
DADA,Кайманови-ови
TSNDF,"ONTARIO, CANADA"
PLYA,Нидерландия
DNTH,САЩ
MRAI,САЩ
INDP,САЩ
REG,САЩ
PROV,САЩ
BBSI,САЩ
ORI,САЩ
BLE,САЩ
BRBS,САЩ
RKLB,САЩ
GFLT,САЩ
IBTA,САЩ
NUMD,САЩ
PPLT,САЩ
PHUN,
BBDC,САЩ
TBLA,Израел
GWRE,САЩ
SYBX,САЩ
HCMC,САЩ
WFC,САЩ
FEIM,САЩ
OCSL,САЩ
ARVN,САЩ
JPPYY,Кайманови-ови
DWNX,САЩ
TRAW,САЩ
KIND,САЩ
SHECY,
AORT,САЩ
FRAF,САЩ
LINMF,
MYO,САЩ
JTGEY,DC
KVUE,САЩ
DRMA,САЩ
TLSA,Бермуди
FBIC,САЩ
FNVTF,Кайманови-ови
LENDX,САЩ
SGML,CANADA (FEDERAL LEVEL)
DWTX,САЩ
KATX,САЩ
CCTSF,Кайманови-ови
OLP,САЩ
NHHS,САЩ
IEHC,САЩ
BYSI,
EBR,Бразилия
IRRX,САЩ
FOMI,САЩ
TROW,САЩ
LZMH,Кайманови-ови
ATEYY,Япония
IBRX,САЩ
WSO,САЩ
CMRE,Маршалови острови
ARCC,САЩ
BGXXQ,САЩ
PCAP,Кайманови-ови
MMND,
OACC,Кайманови-ови
SOLV,САЩ
WRPT,САЩ
RMD,САЩ
ATAAY,САЩ
PFD,САЩ
JSHG,САЩ
KW,САЩ
LOT,Кайманови-ови
LIVE,САЩ
NKX,САЩ
CHE,САЩ
RAPP,САЩ
EEFT,САЩ
GGZ,САЩ
HMN,САЩ
VIRT,САЩ
DYN,САЩ
GRAB,Сингапур
THFF,САЩ
FTRK,
PRCH,
URAL,САЩ
AWF,САЩ
HAS,САЩ
CMMB,Израел
OUTKY,
PINS,САЩ
THCH,Кайманови-ови
GIII,САЩ
HOV,САЩ
BNIGF,Австралия
SRRK,САЩ
BGT,
CXH,САЩ
NGVC,САЩ
VCEL,САЩ
STQN,САЩ
NITO,САЩ
PRIF-PD,
ECO,Маршалови острови
SRFM,САЩ
SNX,САЩ
BKNG,САЩ
HSY,САЩ
DOCS,САЩ
TECTP,САЩ
GHG,Кайманови-ови
UIS,САЩ
GIGM,
SUNS,САЩ
BEAG,Кайманови-ови
ORGO,САЩ
FMNJ,САЩ
APAM,САЩ
SILC,
AIRRF,"BRITISH COLUMBIA, CANADA"
SMG,САЩ
ENS,САЩ
GLIBA,САЩ
GEN,САЩ
OXLC,САЩ
FOXO,САЩ
CYCC,САЩ
LONCF,"ONTARIO, CANADA"
DCO,САЩ
ACI,САЩ
FNV,CANADA (FEDERAL LEVEL)
RSI,САЩ
MAMA,САЩ
WHD,
ALTR,САЩ
UCIX,САЩ
BIRK,JERSEY
FIP,САЩ
WHWK,САЩ
SGBX,САЩ
VRAR,САЩ
AVNI,САЩ
BDJ,САЩ
CCM,Кайманови-ови
MAYA,Кайманови-ови
EMED,САЩ
DASH,САЩ
PMM,САЩ
SAML,САЩ
MUE,
NAUT,
KIDZ,САЩ
SVNDY,
ELEV,САЩ
UAA,САЩ
AREN,САЩ
AVTX,САЩ
MSB,САЩ
EDIT,САЩ
WPC,САЩ
CZR,САЩ
MOFG,САЩ
AEM,"ONTARIO, CANADA"
AMWD,САЩ
AVK,САЩ
ALLY,САЩ
STLY,САЩ
GB,Швейцария
ILAG,HONG KONG
VIASP,САЩ
FBLA,САЩ
ENGS,Кайманови-ови
CCCC,САЩ
CWNOF,
CISS,Маршалови острови
BNT,Бермуди
TIGCF,"BRITISH COLUMBIA, CANADA"
PRI,САЩ
PSN,САЩ
DGWR,САЩ
MDY,САЩ
GLW,САЩ
SLFPY,
KFFB,
MCFT,САЩ
SDM,Кайманови-ови
CANE,
PBBK,САЩ
TFC,САЩ
ESPR,САЩ
PRM,
GE,САЩ
SNPMF,
BCO,САЩ
CSXXY,
PNRG,САЩ
CXT,САЩ
TKNO,САЩ
RAYA,Кайманови-ови
BOLT,САЩ
DXCM,САЩ
MOJO,
MLGO,Кайманови-ови
EGMCF,"BRITISH COLUMBIA, CANADA"
OMVKY,
TEN,
AG,"BRITISH COLUMBIA, CANADA"
SHIP,Маршалови острови
DIDIY,Кайманови-ови
PPTA,"BRITISH COLUMBIA, CANADA"
PYPL,
KBDC,САЩ
SCS,САЩ
HAYW,
LPL,"KOREA, REPUBLIC OF"
DYCQ,
GYRE,САЩ
PSHG,Маршалови острови
INSE,САЩ
SVRA,САЩ
DNMRQ,САЩ
TWOH,
YHNA,
CTEV,САЩ
ELAB,САЩ
JVSA,"VIRGIN ISLANDS, BRITISH"
DOLE,
LQDT,САЩ
VCYT,САЩ
SATL,"VIRGIN ISLANDS, BRITISH"
MGRM,САЩ
JWSMF,Кайманови-ови
PBM,"ONTARIO, CANADA"
RVT,САЩ
AMS,САЩ
FDSB,САЩ
EP,САЩ
LZB,САЩ
DYAI,САЩ
ADT,САЩ
SNOA,САЩ
PLUG,САЩ
ACNB,САЩ
REVG,САЩ
QIND,САЩ
LEGH,САЩ
LTH,САЩ
LVCE,UNITED STATES
FUL,САЩ
ALGS,САЩ
WLFC,САЩ
WNEB,САЩ
TRS,САЩ
GNGYF,
BORR,Бермуди
FUNI,САЩ
THRD,САЩ
SCD,САЩ
MTLK,Израел
CRNT,Израел
CING,САЩ
CLX,САЩ
SION,САЩ
FGNV,САЩ
XCH,Кайманови-ови
GLUC,САЩ
COLL,САЩ
EXDW,САЩ
SBH,
BSTZ,САЩ
FBGL,Кайманови-ови
LE,САЩ
OKTA,САЩ
SKFG,САЩ
EVER,САЩ
JENA,Кайманови-ови
OWSCX,САЩ
STTDF,CANADA (FEDERAL LEVEL)
CLCS,САЩ
PATH,САЩ
CAPV,САЩ
MTDR,САЩ
SPT,САЩ
OCTO,САЩ
SXT,САЩ
MKTW,
AXTA,Бермуди
STAI,САЩ
BMN,САЩ
UNFI,САЩ
ALEC,
AAME,САЩ
DOW,САЩ
RMBL,САЩ
BRRN,САЩ
IDCC,
MRCC,САЩ
DTIL,САЩ
RELL,САЩ
FL,САЩ
WDFC,САЩ
UWHR,САЩ
VMO,САЩ
JBSAY,Бразилия
BLX,
DRRX,САЩ
QHT,Кайманови-ови
IRMD,САЩ
AHRO,САЩ
EIC,САЩ
ALGM,
BOE,САЩ
LKQ,САЩ
FTRS,САЩ
NG,"BRITISH COLUMBIA, CANADA"
RSTRF,"ONTARIO, CANADA"
OZ,САЩ
CPF,САЩ
URI,САЩ
ACAD,САЩ
MSCI,САЩ
GNTLF,
APP,САЩ
INNV,САЩ
SHGI,САЩ
KKR,
XPL,САЩ
CANB,САЩ
ASH,САЩ
PYT,САЩ
BITW,САЩ
GFI,
BMXI,САЩ
NYT,САЩ
HLLK,САЩ
ORN,
USM,САЩ
JAGL,САЩ
BDN,САЩ
PLBL,
ATI,САЩ
WNDW,САЩ
EXP,САЩ
FRA,
GHM,САЩ
SVII,Кайманови-ови
BROG,Кайманови-ови
VIRC,САЩ
FTV,САЩ
QLUNF,Кайманови-ови
JDZG,Кайманови-ови
RUPRF,"BRITISH COLUMBIA, CANADA"
AUBN,САЩ
ECF,САЩ
PSQH,САЩ
KOP,САЩ
DM,САЩ
RDCM,Израел
NUVR,САЩ
UHAL,САЩ
RHI,САЩ
INBS,САЩ
OLKR,САЩ
CCFN,САЩ
AVAV,САЩ
ASUR,САЩ
JXG,Маршалови острови
DHC,САЩ
TCBI,
LIEN,САЩ
TXEMF,САЩ
DYNX,
SANW,САЩ
AEP,САЩ
NWSA,САЩ
CI,САЩ
QH,Кайманови-ови
ATCOL,Маршалови острови
INTI,САЩ
SBLK,Маршалови острови
MPA,САЩ
AVA,САЩ
MLLOF,"BRITISH COLUMBIA, CANADA"
NOVA,САЩ
TCBPY,Обединено кралство
IVHI,САЩ
USPH,САЩ
ACRS,САЩ
PCM,САЩ
ZBRA,
AFBL,САЩ
GTM,САЩ
TGT,САЩ
MITI,САЩ
AR,
HUHU,Китай
MATX,САЩ
QSEA,Кайманови-ови
PRAA,САЩ
AAL,САЩ
MEG,САЩ
LXP,САЩ
MNMD,"BRITISH COLUMBIA, CANADA"
TMUS,САЩ
NRC,САЩ
ALXY,САЩ
CFNB,САЩ
PETS,САЩ
BLFS,САЩ
ADSE,Ирландия
SOAR,САЩ
CPIX,
FLYX,САЩ
SGU,САЩ
GBCI,САЩ
HCTI,САЩ
VERU,САЩ
UNCY,САЩ
CTM,САЩ
FHI,САЩ
EDN,Аржентина
IIPR,
FWFW,САЩ
CPMV,САЩ
DQ,Кайманови-ови
AAS,Кайманови-ови
SLRX,САЩ
IMNN,САЩ
YTRA,Кайманови-ови
QNCX,САЩ
BUJA,Кайманови-ови
DOMH,САЩ
SRI,САЩ
LGMK,САЩ
BHRB,САЩ
TRVG,Нидерландия
FNRN,САЩ
PAYS,САЩ
NYMXF,
RITM,
POLE,Кайманови-ови
HPF,САЩ
GDOT,САЩ
VICI,САЩ
CBLO,САЩ
DMLP,САЩ
ANKM,САЩ
JKSM,САЩ
SRRE,САЩ
ATXS,САЩ
AITX,САЩ
SIDU,САЩ
AIFF,САЩ
OBT,САЩ
GDO,САЩ
LUV,САЩ
XTXXF,"BRITISH COLUMBIA, CANADA"
IONS,САЩ
UNM,САЩ
CMP,САЩ
RAND,САЩ
TME,Кайманови-ови
ASRT,САЩ
SSY,САЩ
CCEP,Обединено кралство
OM,САЩ
SHOT,САЩ
MCO,САЩ
CHEAF,
XRX,САЩ
JANX,САЩ
CR,САЩ
LMFA,САЩ
SCE-PG,САЩ
TRNR,САЩ
FNKO,САЩ
HTLM,
CARM,САЩ
SYHBF,"BRITISH COLUMBIA, CANADA"
RCI,
AVG,
OIA,САЩ
QNBC,САЩ
CBAT,САЩ
DNQAF,Кайманови-ови
KRNT,Израел
DTEAF,
SVIX,САЩ
SVV,САЩ
ROAD,САЩ
ATUS,САЩ
OKLO,САЩ
TCOM,Кайманови-ови
ONB,САЩ
HOND,Кайманови-ови
WRLD,САЩ
AGM,
PAGS,Кайманови-ови
APCX,САЩ
SOR,САЩ
ANTA,Кайманови-ови
MKDW,"VIRGIN ISLANDS, BRITISH"
PBPB,
DSP,САЩ
GTSG,Япония
MNSO,Кайманови-ови
ETWO,САЩ
LNTO,САЩ
QURT,САЩ
PAPLF,
RNGE,САЩ
ALGT,САЩ
HACBY,
ESP,САЩ
BRKL,САЩ
ALAR,Израел
BBGI,САЩ
PTPI,САЩ
BRKR,САЩ
NDAQ,САЩ
HPP,САЩ
PRMB,САЩ
HYT,
NMPGY,Маршалови острови
PC,Кайманови-ови
LUDG,САЩ
MTX,САЩ
HRGN,САЩ
FTI,Обединено кралство
MRUS,Нидерландия
WTER,САЩ
ESE,САЩ
KGKG,САЩ
SNDK,САЩ
EZPZ,САЩ
COLB,САЩ
EQTRF,"BRITISH COLUMBIA, CANADA"
CVKD,САЩ
HAFN,Бермуди
PHG,Нидерландия
CNP,САЩ
OZSC,САЩ
BIGGQ,САЩ
RDGA,САЩ
MFG,
TERN,САЩ
IOBT,САЩ
FAT,САЩ
FDCT,САЩ
HOOK,САЩ
WOW,САЩ
CAMT,Израел
SMREF,"BRITISH COLUMBIA, CANADA"
HELE,Бермуди
BASE,САЩ
TECH,САЩ
DATS,САЩ
CETH,САЩ
EDRY,Маршалови острови
FHB,САЩ
ABM,САЩ
ANLDF,"BRITISH COLUMBIA, CANADA"
WGS,САЩ
IRDM,САЩ
VTR,САЩ
BOSC,Израел
NHC,САЩ
CRH,Ирландия
AEMD,САЩ
SQEI,Кайманови-ови
FMCB,САЩ
VTRS,САЩ
BCKIY,
SKK,Кайманови-ови
ARAI,САЩ
FSTR,САЩ
NTWO,Кайманови-ови
ACRL,САЩ
MSN,САЩ
DPLS,
RAPH,САЩ
ASPN,САЩ
WSTRF,"ONTARIO, CANADA"
BCX,САЩ
TRWD,САЩ
WLK,САЩ
LVRLF,"ONTARIO, CANADA"
BOX,САЩ
BVS,САЩ
CSTAF,Кайманови-ови
NJDCY,
MBI,САЩ
JFR,САЩ
LVDW,САЩ
SBC,САЩ
RRGB,САЩ
UBSI,САЩ
VNCE,САЩ
CGEH,САЩ
CPS,САЩ
VET,"ALBERTA, CANADA"
PYYX,
FAVO,САЩ
EQ,САЩ
FNLC,САЩ
SIEB,САЩ
AEBI,Швейцария
ZCAR,САЩ
RSLS,САЩ
EMF,САЩ
STRL,САЩ
IRT,САЩ
WTS,САЩ
LKCOF,"VIRGIN ISLANDS, BRITISH"
TDF,САЩ
NJR,САЩ
BR,САЩ
FGMC,САЩ
SRTS,САЩ
PODD,САЩ
ICUI,САЩ
SDGR,САЩ
NOTE,САЩ
JMSB,САЩ
SYRE,САЩ
VCSA,САЩ
SSRM,"BRITISH COLUMBIA, CANADA"
EVI,САЩ
GSIW,Кайманови-ови
MTPP,САЩ
FCHL,Сингапур
ELOG,Кайманови-ови
ZONE,САЩ
AVAH,САЩ
STME,САЩ
VSTE,Австралия
TEL,
RYES,САЩ
NECB,САЩ
IPAR,САЩ
HOTH,САЩ
RYN,САЩ
LGO,"ONTARIO, CANADA"
CIZN,САЩ
KMYGY,"KOREA, REPUBLIC OF"
SHNDY,Швейцария
IAF,САЩ
AASP,САЩ
SPIEF,Кайманови-ови
MODV,САЩ
DPG,
INR,САЩ
JBLU,САЩ
ALBBY,
PCSA,САЩ
XXII,САЩ
NFTM,САЩ
IAG,"ONTARIO, CANADA"
BGSF,САЩ
TOPW,
COO,САЩ
PSOIX,
UNL,
CQP,САЩ
REI,САЩ
MU,САЩ
SMTI,САЩ
SSEIF,CANADA (FEDERAL LEVEL)
MACT,САЩ
BRZH,САЩ
SOL,"VIRGIN ISLANDS, BRITISH"
PDSB,САЩ
PLMR,САЩ
GECC,САЩ
LTSV,САЩ
ABQQ,САЩ
PEN,САЩ
PAYD,САЩ
LYEL,САЩ
IBAC,САЩ
UHL,Кайманови-ови
BEAT,САЩ
AVT,САЩ
GLPI,САЩ
GFF,САЩ
HSTA,САЩ
CPSS,САЩ
CLH,САЩ
EXLS,САЩ
EBFI,САЩ
SYBT,САЩ
LXFR,Обединено кралство
ATEX,САЩ
RGNX,
PFAI,UNITED STATES
ATRA,САЩ
XPOF,САЩ
GIL,CANADA (FEDERAL LEVEL)
ANIX,САЩ
GIFI,САЩ
GTIM,САЩ
NVAC,САЩ
LINK,САЩ
SBCF,САЩ
KXIN,Кайманови-ови
KARO,Сингапур
ATGL,HONG KONG
AGMH,"VIRGIN ISLANDS, BRITISH"
NOBH,САЩ
LFT,САЩ
RAJAF,
SNY,Франция
BNTX,Германия
OXY,САЩ
BIGC,САЩ
NEU,САЩ
HMC,
IRIX,САЩ
EDUC,САЩ
BCLI,САЩ
HOOD,САЩ
NGHI,САЩ
TKOI,САЩ
MMD,САЩ
YELLQ,САЩ
XRTX,"BRITISH COLUMBIA, CANADA"
COLD,САЩ
NRDE,САЩ
PAAS,
DNP,САЩ
NRO,
IMPP,Маршалови острови
CBAN,САЩ
OC,САЩ
CHTH,САЩ
CLSK,САЩ
BROS,САЩ
LQDA,САЩ
RCEL,САЩ
SCVL,САЩ
CRTO,Франция
GENK,САЩ
ALBT,САЩ
EMN,САЩ
XZ,Кайманови-ови
DBA,САЩ
AMLIF,"BRITISH COLUMBIA, CANADA"
HSII,САЩ
ISRG,САЩ
EPAC,САЩ
CBUS,САЩ
JRSH,САЩ
MMA,Австралия
NXPL,САЩ
KZIA,Австралия
PCTY,САЩ
ETS,САЩ
PLUS,САЩ
STKL,CANADA (FEDERAL LEVEL)
PSEC,САЩ
IRD,САЩ
QWTR,САЩ
NQP,САЩ
DNOW,САЩ
IMG,САЩ
EZGO,"VIRGIN ISLANDS, BRITISH"
DNZOY,Япония
HIGR,САЩ
MRC,САЩ
SCAG,Кайманови-ови
ADTN,
NTIC,САЩ
CUTRQ,САЩ
LU,Кайманови-ови
ATLX,САЩ
LC,САЩ
GPAT,Кайманови-ови
VREX,САЩ
CEPT,Кайманови-ови
AVDX,САЩ
TAC,
ZNKKY,
GF,САЩ
CBDS,САЩ
IOT,САЩ
PMEC,
HUBC,Израел
BMRA,САЩ
XTKG,Кайманови-ови
WOR,САЩ
CJET,Кайманови-ови
SNGX,САЩ
TLK,
FIVN,САЩ
WNS,XX
CFLT,САЩ
BASA,САЩ
THNPY,Нидерландия
ALCY,Кайманови-ови
GHST,САЩ
BLGO,САЩ
GHC,САЩ
SNOW,САЩ
AMZE,САЩ
AQST,САЩ
NSFDF,"ALBERTA, CANADA"
SPGI,САЩ
TTIPF,"ONTARIO, CANADA"
SRV,САЩ
SXI,САЩ
ERH,САЩ
CHI,
FSCO,САЩ
KRRO,САЩ
CAN,Кайманови-ови
DIA,САЩ
VNRX,САЩ
NCDL,САЩ
JL,Кайманови-ови
VRCA,САЩ
PDI,САЩ
BFRG,САЩ
ILUS,САЩ
SIF,САЩ
AAGH,САЩ
BSLK,САЩ
OKUR,САЩ
AIMUF,Кайманови-ови
CNMD,САЩ
CODI,САЩ
AOMR,САЩ
CBT,САЩ
OFAL,Кайманови-ови
IWAL,САЩ
RS,САЩ
IIIN,САЩ
TTD,САЩ
SJ,"VIRGIN ISLANDS, BRITISH"
CADE,САЩ
RUN,САЩ
UI,САЩ
NTAP,САЩ
ISD,САЩ
LVRO,Кайманови-ови
TOELY,
BRRLY,Швейцария
AFB,
ARDC,САЩ
AVY,САЩ
HWNI,САЩ
GATE,САЩ
CSPI,САЩ
LNZA,САЩ
AFMD,Германия
SFDL,САЩ
PML,САЩ
TRIB,Ирландия
ILPT,САЩ
GGG,САЩ
BOC,САЩ
HIVE,"BRITISH COLUMBIA, CANADA"
LOAN,САЩ
BRLS,Кайманови-ови
UNTC,САЩ
CHEF,САЩ
BPOP,
STWD,
DOX,Обединено кралство
RIOT,САЩ
ATH-PA,САЩ
RAC,Кайманови-ови
CTGO,САЩ
VC,САЩ
PHAT,САЩ
NPKI,САЩ
OGE,САЩ
WS,САЩ
YKLTY,
MTEX,САЩ
CNNN,
HPI,
NGS,
HESM,САЩ
SWISF,"BRITISH COLUMBIA, CANADA"
PALI,САЩ
PMN,CANADA (FEDERAL LEVEL)
SFHG,Кайманови-ови
NC,САЩ
CSWC,САЩ
WKC,САЩ
LEAT,САЩ
NHPAP,САЩ
PMDI,САЩ
QDEL,
CHEB,Кайманови-ови
QFIN,Кайманови-ови
PNXP,САЩ
MNSB,САЩ
BCOW,САЩ
VDMCY,
YCBD,САЩ
AMBC,САЩ
BCH,
QNTM,"ONTARIO, CANADA"
GVXXF,"BRITISH COLUMBIA, CANADA"
VIVS,САЩ
DMXCF,"BRITISH COLUMBIA, CANADA"
ANAB,САЩ
PXS,Маршалови острови
LADR,САЩ
GJR,
BTO,САЩ
ENPH,САЩ
JUSHF,"BRITISH COLUMBIA, CANADA"
NSSC,САЩ
NOMD,"VIRGIN ISLANDS, BRITISH"
BTDR,Кайманови-ови
EVGO,САЩ
ODRS,САЩ
MAAS,Кайманови-ови
KB,"KOREA, REPUBLIC OF"
FLD,САЩ
KR,САЩ
ITP,САЩ
MEDP,САЩ
SRSG,САЩ
MGN,
INFY,
PXPC,САЩ
APRE,САЩ
HLF,Кайманови-ови
AYRWF,"BRITISH COLUMBIA, CANADA"
LAW,САЩ
PMVP,САЩ
OSBC,САЩ
PURE,САЩ
NVCR,
ESOA,САЩ
UBXG,Кайманови-ови
FHN,САЩ
NCEW,"VIRGIN ISLANDS, BRITISH"
IMNM,САЩ
BEEP,
FRBP,САЩ
DHF,САЩ
EXTR,САЩ
HUSA,САЩ
ITOS,САЩ
IDXX,САЩ
UEEC,САЩ
TECK,"BRITISH COLUMBIA, CANADA"
PFL,
NURO,САЩ
JGSMY,
MUJ,САЩ
ITMSF,"ALBERTA, CANADA"
DGICA,САЩ
WCC,
PAHC,САЩ
ACA,САЩ
DOYU,Кайманови-ови
DCTH,САЩ
RMBS,САЩ
ICCT,САЩ
ENDI,САЩ
HNRG,САЩ
BMGL,"VIRGIN ISLANDS, BRITISH"
AVRW,САЩ
EOG,САЩ
PCYO,САЩ
ZTS,
CULL,САЩ
OVID,САЩ
FC,САЩ
TDY,САЩ
AVCRF,"BRITISH COLUMBIA, CANADA"
VSH,САЩ
APLE,САЩ
MCY,САЩ
WEYS,САЩ
VERV,САЩ
SGIC,САЩ
LADX,САЩ
WLKP,САЩ
COCP,САЩ
CLDX,САЩ
TTI,САЩ
BRCNF,"BRITISH COLUMBIA, CANADA"
SBI,САЩ
PKST,
NYC,САЩ
JOBY,САЩ
OPAD,
IVP,САЩ
MTAL,JERSEY
IBKR,САЩ
MO,САЩ
LASR,САЩ
SFBS,САЩ
PRVA,САЩ
ABBV,САЩ
EXFY,САЩ
FUN,САЩ
OLPX,САЩ
CPAXF,САЩ
FCREX,
SNDR,САЩ
NNN,САЩ
AMPL,САЩ
CMPS,Обединено кралство
ESGR,Бермуди
CWAN,САЩ
MHUBF,"BRITISH COLUMBIA, CANADA"
LAR,Швейцария
PMI,САЩ
ACPS,САЩ
VLRS,
EATBF,"BRITISH COLUMBIA, CANADA"
ICCC,САЩ
CART,САЩ
TANH,"VIRGIN ISLANDS, BRITISH"
UNIB,САЩ
AER,Нидерландия
LDOS,
KNGRF,"BRITISH COLUMBIA, CANADA"
ERO,"BRITISH COLUMBIA, CANADA"
NNNN,Кайманови-ови
DEI,САЩ
BFRI,САЩ
USL,
NAZ,САЩ
BOXL,САЩ
LUMN,САЩ
WBTN,САЩ
SIG,
IVDN,САЩ
DVN,САЩ
ABSI,
PPT,САЩ
PKTX,САЩ
GO,САЩ
RRACF,
RTO,Обединено кралство
BBN,САЩ
MSGM,САЩ
CAAP,Люксембург
MRPT,САЩ
EFTY,
XPER,САЩ
CAS,САЩ
BKD,САЩ
ASST,САЩ
CSL,САЩ
ELSE,САЩ
DBP,САЩ
EVGN,Израел
GNT,САЩ
DWAY,САЩ
BSBR,Бразилия
GERN,САЩ
PEGA,САЩ
NMEX,САЩ
RETO,"VIRGIN ISLANDS, BRITISH"
BTT,САЩ
MBIO,САЩ
OSBK,САЩ
HIX,САЩ
PL,САЩ
NCNCF,Кайманови-ови
SOBKY,Япония
KOF,
SPWR,Кайманови-ови
ENLT,Израел
BRK-B,САЩ
AFCG,САЩ
ASGI,САЩ
RYAM,САЩ
DTF,САЩ
LEVI,САЩ
MLCO,Кайманови-ови
TOON,САЩ
CVLG,САЩ
ASAIY,Бразилия
GDEV,"VIRGIN ISLANDS, BRITISH"
SSMXY,
EHLD,
HBANP,САЩ
CWD,САЩ
BFC,САЩ
NKTX,САЩ
ALHC,САЩ
LFUS,САЩ
CLNE,САЩ
RXRX,САЩ
CEF,"ONTARIO, CANADA"
FLGT,САЩ
PAX,Кайманови-ови
GOGO,САЩ
DIAX,САЩ
BKRRF,"BRITISH COLUMBIA, CANADA"
QRHC,САЩ
LTC,САЩ
IOR,САЩ
DBGI,САЩ
BITTF,"BRITISH COLUMBIA, CANADA"
RENT,САЩ
EPM,САЩ
COKE,САЩ
MIY,САЩ
IVFH,САЩ
BG,Швейцария
TGE,Кайманови-ови
WHLR,САЩ
PD,САЩ
PLMK,Кайманови-ови
TGB,"BRITISH COLUMBIA, CANADA"
GOOGL,САЩ
JBTM,САЩ
EGP,САЩ
EYE,САЩ
BZAI,САЩ
STAA,САЩ
EVM,
CYCU,САЩ
YJ,Кайманови-ови
MTSR,САЩ
CXXIF,"BRITISH COLUMBIA, CANADA"
CNDA,САЩ
RGCO,САЩ
GNPX,САЩ
NVG,САЩ
FCX,САЩ
HDSN,САЩ
AIR,САЩ
GBNY,
IIF,
ABCL,"BRITISH COLUMBIA, CANADA"
DKNG,САЩ
FICO,САЩ
RSHN,САЩ
LXEO,
ZIVO,САЩ
JHG,JERSEY
SBET,
BJDX,САЩ
TEF,Испания
LEO,САЩ
ADEA,САЩ
VLT,САЩ
RZLV,Обединено кралство
CSGS,САЩ
CSR,САЩ
IDA,САЩ
GRTX,САЩ
BP,Обединено кралство
PHIO,САЩ
CLRI,САЩ
NKGFF,"BRITISH COLUMBIA, CANADA"
TTSH,САЩ
OFLX,САЩ
EXEL,САЩ
GD,САЩ
APA,САЩ
AVBC,САЩ
RIVN,САЩ
KAIKY,Япония
SRPT,САЩ
GGN,САЩ
COHU,САЩ
BPT,САЩ
GMZP,САЩ
SCND,САЩ
FSV,"ONTARIO, CANADA"
MASS,САЩ
ISOU,"SASKATCHEWAN, CANADA"
MGNX,САЩ
PVOZ,САЩ
HUBB,САЩ
APEI,САЩ
SHMP,
GEBRF,"BRITISH COLUMBIA, CANADA"
NAVI,САЩ
VICR,САЩ
CGNX,САЩ
EWSB,САЩ
ARZTD,
APTOF,"ONTARIO, CANADA"
IQV,САЩ
TNL,САЩ
NVO,
VVV,
IPSI,САЩ
PMNT,САЩ
BKKT,САЩ
PHR,САЩ
ADGM,САЩ
TDC,
SEMR,САЩ
ZEOX,САЩ
ROYL,САЩ
PHIL,САЩ
CRML,"VIRGIN ISLANDS, BRITISH"
WTM,Бермуди
ASO,САЩ
BAKR,САЩ
STRT,САЩ
ELRA,САЩ
CAPC,САЩ
IVT,САЩ
NEOV,САЩ
FURY,"BRITISH COLUMBIA, CANADA"
DAY,САЩ
ORRF,САЩ
MSGS,САЩ
KSEZ,САЩ
CTWO,САЩ
BSVN,САЩ
JEWL,САЩ
CARG,САЩ
TNET,САЩ
ERC,САЩ
MGIH,Кайманови-ови
HKHC,САЩ
FFNTF,
DUKR,САЩ
AIJTY,
YTFD,САЩ
DOUG,САЩ
ELWS,Япония
BCE,
EM,Кайманови-ови
ACMB,САЩ
GTES,Обединено кралство
WMT,САЩ
ATRC,САЩ
EDU,Кайманови-ови
BMXC,САЩ
NB,"BRITISH COLUMBIA, CANADA"
CG,САЩ
BHILQ,САЩ
SBSW,Южна Африка
TSM,"TAIWAN, PROVINCE OF CHINA"
OAKU,CANADA (FEDERAL LEVEL)
VRT,САЩ
CMTV,САЩ
ALTS,САЩ
NPV,САЩ
HBUV,САЩ
BERY,САЩ
KURA,САЩ
CAVA,САЩ
CHAR,Кайманови-ови
EHTH,САЩ
DXPE,САЩ
ETOR,"VIRGIN ISLANDS, BRITISH"
ABOS,САЩ
EQX,"BRITISH COLUMBIA, CANADA"
COFS,САЩ
IROQ,
SMBC,САЩ
CMTL,САЩ
MHF,САЩ
ITCI,САЩ
BTCS,САЩ
NPK,САЩ
QVCGA,
SY,Кайманови-ови
AZZ,САЩ
REVB,САЩ
LBSR,САЩ
DD,САЩ
SEAV,САЩ
EMD,САЩ
GFASY,
HPS,САЩ
LRDC,САЩ
SQM,Чили
KOSS,САЩ
BTCW,
EVF,
OGEN,САЩ
ALMMF,
ARWR,САЩ
VRSN,САЩ
VERB,САЩ
ITT,
CNO,САЩ
QBCRF,"QUEBEC, CANADA"
CLBR,Кайманови-ови
CCCP,
CMGO,САЩ
WU,САЩ
CGAC,САЩ
AMGN,САЩ
LPA,Кайманови-ови
GBCS,САЩ
NOEM,
VCMIX,
RELI,САЩ
SMXT,САЩ
LOMA,
DMYY,САЩ
NRK,САЩ
LILMF,Нидерландия
NSTM,САЩ
AWI,САЩ
MITQ,САЩ
FSBC,САЩ
BST,САЩ
PGEN,САЩ
BKH,САЩ
HEXPF,"ALBERTA, CANADA"
ANGO,САЩ
MI,Кайманови-ови
SATT,САЩ
AYTU,САЩ
MEIUY,
LUNR,САЩ
MYND,Кайманови-ови
DFCO,САЩ
MVST,САЩ
HOVR,"BRITISH COLUMBIA, CANADA"
GNRC,САЩ
CELU,САЩ
MRNA,САЩ
UNXP,САЩ
BOF,САЩ
FWRD,САЩ
CBZ,САЩ
SYRA,САЩ
EIM,
HYEX,САЩ
LAAB,САЩ
SEAL-PA,Маршалови острови
CNTB,Кайманови-ови
OBK,САЩ
MTNB,САЩ
VTEK,Кайманови-ови
CNOB,САЩ
CZFS,САЩ
DHT,Маршалови острови
UTMD,САЩ
COR,САЩ
CALX,
BIOF,САЩ
NXP,
RA,
ATHA,
XOMA,
OABI,САЩ
NOMA,САЩ
TLYS,САЩ
TWLO,САЩ
NZEOF,
GLYC,САЩ
CCIR,Кайманови-ови
DG,САЩ
PRE,Кайманови-ови
MTVA,САЩ
GAM,САЩ
FLXT,САЩ
NCMI,САЩ
PRDO,САЩ
OSIS,САЩ
NEGG,"VIRGIN ISLANDS, BRITISH"
HCKT,САЩ
ORKA,САЩ
PLOW,САЩ
IMRN,Австралия
EBZT,САЩ
RBTK,САЩ
METC,САЩ
MIST,"QUEBEC, CANADA"
GRNT,
TRXA,САЩ
ZURA,Кайманови-ови
CBDL,САЩ
IEX,САЩ
CTOR,Кайманови-ови
BIAF,САЩ
AMBP,Люксембург
OLLI,САЩ
MUSA,САЩ
MCW,САЩ
IGA,САЩ
STZ,САЩ
AES,САЩ
VIRX,САЩ
ENBP,САЩ
OBDC,САЩ
CPNG,САЩ
HCPC,
UGP,
DPZ,САЩ
TBH,САЩ
MSBI,САЩ
LAZ,САЩ
BCUCY,
AMRZ,Швейцария
GTEC,"VIRGIN ISLANDS, BRITISH"
NBBK,
SLV,САЩ
WEWA,САЩ
BBXIA,
MHI,САЩ
WFG,"BRITISH COLUMBIA, CANADA"
BSII,Кайманови-ови
UBX,САЩ
JGLDF,"BRITISH COLUMBIA, CANADA"
GRWG,САЩ
WASH,САЩ
PFX,САЩ
CRVW,САЩ
BAM,"BRITISH COLUMBIA, CANADA"
FMBM,САЩ
CAAS,САЩ
MSW,Кайманови-ови
NVTS,САЩ
LOB,САЩ
RNGC,
CSIQ,"ONTARIO, CANADA"
LOCL,САЩ
AAPL,САЩ
TLGYF,Кайманови-ови
BNPZY,
LNT,САЩ
EPAM,САЩ
BQ,Кайманови-ови
BIOX,Кайманови-ови
VBNK,CANADA (FEDERAL LEVEL)
NICH,САЩ
UDN,САЩ
BHLB,САЩ
UWMC,САЩ
RFMZ,САЩ
ACIU,Швейцария
VVOS,САЩ
KZR,САЩ
STEM,
AFBI,САЩ
SWKH,САЩ
SFWL,Кайманови-ови
GFTTY,Германия
CTXR,САЩ
INSG,
WSC,САЩ
IGD,САЩ
LPAA,Кайманови-ови
PVH,САЩ
IEP,САЩ
NOAH,
CLPR,САЩ
BNAI,САЩ
AIOT,САЩ
DXLG,САЩ
HTOO,Ирландия
INFT,САЩ
NSA,САЩ
PMVC,САЩ
UTGN,
AACT,Кайманови-ови
HUM,САЩ
CLYM,САЩ
RAIN,САЩ
ARDX,САЩ
SSBK,САЩ
IMAB,Кайманови-ови
ETST,САЩ
LGHL,Кайманови-ови
THMG,САЩ
DDOG,САЩ
KIRK,
CABI,САЩ
SFIX,САЩ
CLIK,"VIRGIN ISLANDS, BRITISH"
HSTM,САЩ
AAWH,САЩ
MLAB,САЩ
LIDR,САЩ
EFXT,CANADA (FEDERAL LEVEL)
AXS,
CMPO,САЩ
KBR,САЩ
ZKIN,"VIRGIN ISLANDS, BRITISH"
GPC,САЩ
USNU,САЩ
FLYB,Обединено кралство
VIVK,САЩ
OTRK,САЩ
JTAI,САЩ
XENE,"BRITISH COLUMBIA, CANADA"
BFST,САЩ
OMEX,САЩ
MDB,САЩ
TVCN,САЩ
CLOV,САЩ
UAL,САЩ
PBMLF,"BRITISH COLUMBIA, CANADA"
CPKF,САЩ
TRCK,САЩ
ERJ,
BULL,Кайманови-ови
WHR,САЩ
UPB,САЩ
FATN,САЩ
GXLM,САЩ
AURS,Кайманови-ови
CGNT,Израел
FMC,САЩ
VBACY,Франция
KNSL,
LBGJ,Кайманови-ови
KO,САЩ
YIBO,Кайманови-ови
AIRT,САЩ
KFS,САЩ
TRUG,САЩ
SO,САЩ
TLSS,САЩ
REPL,САЩ
KULR,САЩ
BDC,САЩ
CLUS,САЩ
BZFD,
AII,
APPN,
PRZO,Израел
GBDC,САЩ
JYD,Кайманови-ови
INSM,САЩ
NGTF,САЩ
DMB,САЩ
LIFD,САЩ
GRYP,САЩ
GIPR,САЩ
ASG,
GORV,САЩ
CNFN,САЩ
WD,САЩ
CRAWA,САЩ
DRTS,Израел
OVTZ,САЩ
OPTT,САЩ
BHAT,Кайманови-ови
ACB,"BRITISH COLUMBIA, CANADA"
MRNJ,САЩ
AIEV,САЩ
JCYGY,
IMPM,САЩ
OSK,САЩ
GPN,САЩ
EIOAX,САЩ
JAZZ,Ирландия
REKR,САЩ
CWGL,САЩ
CTOS,САЩ
BHR,САЩ
RBA,"ONTARIO, CANADA"
PSYCF,"ONTARIO, CANADA"
KMB,САЩ
NOM,САЩ
DAAQ,Кайманови-ови
GIS,САЩ
FNWB,САЩ
GEDC,САЩ
FSP,САЩ
MTRX,САЩ
PTOP,САЩ
ADVM,САЩ
DUOT,САЩ
SKUB,Кайманови-ови
APWC,Бермуди
FORM,САЩ
TETEF,
GLVT,САЩ
CUB,Кайманови-ови
MTBLY,
BWEN,САЩ
HLP,
GATX,САЩ
LMRMF,"BRITISH COLUMBIA, CANADA"
INCY,САЩ
DXYN,САЩ
GP,"BRITISH COLUMBIA, CANADA"
CVE,
KSPI,Казахстан
FTEL,Кайманови-ови
WETO,Кайманови-ови
OVBC,САЩ
W,
RGP,САЩ
URZEF,"BRITISH COLUMBIA, CANADA"
ALGN,САЩ
DIST,Кайманови-ови
CFND,САЩ
ALNY,
HAIN,САЩ
KUBR,САЩ
TPL,САЩ
CCJ,
FPH,САЩ
ISBA,САЩ
AILIH,САЩ
OFED,
RBLX,САЩ
ILLMF,CANADA (FEDERAL LEVEL)
COPL,Кайманови-ови
ROIV,Бермуди
TPH,САЩ
NATR,САЩ
CRWD,САЩ
CEE,САЩ
IQI,САЩ
TKLF,Япония
SHCO,САЩ
TAK,
UVE,САЩ
WEC,САЩ
WOLV,САЩ
BGY,САЩ
VJTTY,Германия
GBAB,САЩ
DUO,Кайманови-ови
ETNB,САЩ
USEG,САЩ
TYRA,САЩ
JRVR,Бермуди
QUBT,САЩ
MTR,САЩ
LRCX,САЩ
BKSC,САЩ
GSLR,САЩ
UVSP,САЩ
BEWFF,"BRITISH COLUMBIA, CANADA"
ALUR,САЩ
PFSB,
TCBS,
INV,САЩ
EPR,САЩ
FVN,Кайманови-ови
BRVO,САЩ
ONIT,САЩ
JMM,САЩ
AFRM,САЩ
MFC,
GXAI,САЩ
KDDIY,
CAC,САЩ
MSTR,САЩ
REGN,САЩ
BRGX,САЩ
COIN,САЩ
YYAI,САЩ
GTE,САЩ
BHAC,САЩ
EXNRF,"ONTARIO, CANADA"
KBH,САЩ
MYNAY,Германия
ITGR,САЩ
PWR,САЩ
GM,
AC,САЩ
MLR,САЩ
JSDA,САЩ
ARW,САЩ
USNA,САЩ
VOC,
DBE,САЩ
FSI,САЩ
BTAI,САЩ
MOV,САЩ
KIO,САЩ
SMX,Ирландия
HSHP,Бермуди
WHF,САЩ
UG,САЩ
MELI,
UCLE,САЩ
PHOE,Кайманови-ови
ITRI,САЩ
WYTC,САЩ
COUR,САЩ
PTOS,САЩ
CBL,САЩ
SKX,САЩ
NMZ,САЩ
POWI,САЩ
WERN,САЩ
CBMJ,САЩ
KEQU,САЩ
MANU,
LOW,САЩ
SVRSF,CANADA (FEDERAL LEVEL)
CAE,
DBMM,САЩ
LBRT,
APVO,САЩ
SFD,САЩ
HSCS,САЩ
JCSE,Кайманови-ови
RICK,САЩ
BC,САЩ
ENTO,САЩ
NLOP,САЩ
GCT,Кайманови-ови
AIT,САЩ
OPK,САЩ
GTY,САЩ
MYFW,САЩ
HQH,САЩ
AURA,САЩ
CLS,"ONTARIO, CANADA"
PBT,САЩ
LNN,САЩ
FBTC,САЩ
CASS,САЩ
BACQ,Кайманови-ови
CMGHF,
CDLR,Дания
TTOO,САЩ
PAMT,САЩ
CNSP,САЩ
AIG,САЩ
RNAC,САЩ
SMBK,САЩ
MTG,САЩ
CRK,САЩ
MMCP,САЩ
MMSI,САЩ
IINN,Израел
BTCM,
CLSH,САЩ
BAFN,САЩ
ASMB,САЩ
EURK,Кайманови-ови
LPX,САЩ
KLIC,САЩ
DSCSY,
OBLG,САЩ
PFGC,САЩ
KFRC,САЩ
MYRG,САЩ
LSEA,
GLDD,САЩ
RDNT,САЩ
PHYS,
GNTY,САЩ
ARRKF,"BRITISH COLUMBIA, CANADA"
NNAX,САЩ
KRMN,САЩ
AERT,
LAB,САЩ
INSW,Маршалови острови
HNGKY,
CORT,САЩ
VG,САЩ
ABVX,Франция
QBTS,САЩ
TRVN,
VQSSF,"ONTARIO, CANADA"
FGDL,САЩ
CSTM,
SATX,Израел
ABP,САЩ
ULS,САЩ
CLDI,САЩ
SKT,САЩ
ESHA,САЩ
PNPL,САЩ
ZG,САЩ
SHAK,
QSG,Кайманови-ови
AOD,САЩ
YERBF,"BRITISH COLUMBIA, CANADA"
ZVRA,САЩ
MTRN,САЩ
ALC,Швейцария
MUR,САЩ
XBIO,САЩ
TMQ,"BRITISH COLUMBIA, CANADA"
SYM,САЩ
ZHYBF,Кайманови-ови
WING,САЩ
EWTX,САЩ
NICHX,САЩ
BLDP,CANADA (FEDERAL LEVEL)
AIRI,САЩ
BBLR,САЩ
NL,САЩ
AIBGY,
BUR,GUERNSEY
PNR,Ирландия
TNC,САЩ
VMNT,САЩ
FXBY,САЩ
CREX,САЩ
PHCI,САЩ
FTFT,САЩ
CEIN,
FFBC,САЩ
CLB,САЩ
UXIN,Кайманови-ови
SMTC,САЩ
CARS,САЩ
APUS,САЩ
RGT,
THR,САЩ
TGCB,САЩ
SZZL,Кайманови-ови
HCSG,САЩ
GROW,САЩ
MOGO,"BRITISH COLUMBIA, CANADA"
VTVT,САЩ
WTTR,САЩ
IRM,САЩ
PRK,САЩ
HGLB,
PET,САЩ
SNTL,САЩ
DNUT,
NIHK,САЩ
KYTX,САЩ
ADOOY,
VLTO,UNITED STATES
ETSY,САЩ
CRWV,САЩ
FNWD,САЩ
CBGL,САЩ
MBLY,САЩ
BZRD,
ANSS,САЩ
TXN,САЩ
ROHCY,
SDRL,Бермуди
OMF,САЩ
ATR,САЩ
MRKY,САЩ
SRRIX,САЩ
FTCO,САЩ
CSCO,САЩ
YSG,Кайманови-ови
BLNE,САЩ
GRBK,САЩ
ZBAO,Кайманови-ови
RDGT,Кайманови-ови
UMH,САЩ
PLTS,Кайманови-ови
EML,САЩ
EVO,Германия
AOSL,
OLMA,САЩ
IFS,
JETMF,САЩ
JAKK,САЩ
GRAN,
VAC,UNITED STATES
BYD,САЩ
MCHX,САЩ
BSPK,САЩ
HURC,САЩ
INKW,САЩ
EDD,САЩ
EBAY,САЩ
SOHO,САЩ
USA,САЩ
PEG,САЩ
HASI,САЩ
EQT,САЩ
HUIZ,Кайманови-ови
VEST,САЩ
PLAB,САЩ
SNTG,Кайманови-ови
EVT,
SU,"ALBERTA, CANADA"
GXO,САЩ
MRNO,JERSEY
JPM,САЩ
RYOJ,Япония
ARL,САЩ
RDZN,"VIRGIN ISLANDS, BRITISH"
BNR,
TNON,САЩ
GOLD,"BRITISH COLUMBIA, CANADA"
BTG,"BRITISH COLUMBIA, CANADA"
QMSK,Кайманови-ови
MMC,САЩ
GRNQ,САЩ
AHCO,САЩ
ERLFF,"BRITISH COLUMBIA, CANADA"
TNLX,САЩ
TNYA,САЩ
ALMP,САЩ
INMD,Израел
EDHL,Кайманови-ови
BGFV,САЩ
NXUR,САЩ
RMAX,САЩ
AIMD,САЩ
LYB,Нидерландия
CVLT,САЩ
SUZ,
SUAC,САЩ
INHD,САЩ
NXDT,САЩ
WATT,САЩ
AFG,САЩ
PNMXO,САЩ
SMSEY,
MXC,САЩ
ALLO,
HANNF,"BRITISH COLUMBIA, CANADA"
EIX,САЩ
MFBI,САЩ
VSEE,САЩ
GLCP,САЩ
CHPG,Кайманови-ови
VEII,САЩ
CFOO,САЩ
ZIP,САЩ
CCLD,САЩ
VAUCF,"BRITISH COLUMBIA, CANADA"
ASPI,САЩ
WLY,САЩ
NGVT,САЩ
TWNP,САЩ
CPA,Панама
BCAB,САЩ
NRIS,САЩ
NTPIF,"VIRGIN ISLANDS, BRITISH"
WM,САЩ
MRVI,САЩ
RZLT,САЩ
FLEX,Сингапур
TFIN,САЩ
TNK,Бермуди
SVMB,САЩ
CC,САЩ
NEWP,"BRITISH COLUMBIA, CANADA"
NWE,САЩ
OCGN,САЩ
TCNNF,"BRITISH COLUMBIA, CANADA"
KAPA,САЩ
HSDT,САЩ
DNN,"ONTARIO, CANADA"
DBO,САЩ
APLS,САЩ
CHMG,САЩ
PRXA,САЩ
RDW,
EG,Бермуди
MSD,
SST,
SEIC,САЩ
MURA,Ирландия
FEAM,
FBP,PR
UTL,САЩ
CNTGF,Нидерландия
ZDGE,САЩ
TEO,
SNES,САЩ
ELA,САЩ
TKC,Турция
ALLT,Израел
ETHW,САЩ
WFCF,
BRQSF,"VIRGIN ISLANDS, BRITISH"
LBRDA,
AVTR,
CVGI,САЩ
QMCO,САЩ
VACH,Кайманови-ови
QRVO,САЩ
BLIS,САЩ
LTRPA,САЩ
CAPT,"KOREA, REPUBLIC OF"
GENC,САЩ
SIMA,Кайманови-ови
RMBI,
STX,
ILMN,САЩ
NI,САЩ
COMM,САЩ
LSAK,САЩ
AIXI,Кайманови-ови
FFNW,
KPLT,САЩ
CTRN,САЩ
ARKO,САЩ
ONL,САЩ
SSKN,САЩ
GJS,
AOUT,САЩ
DFLI,САЩ
WBA,САЩ
GDS,
HNVR,САЩ
SKBL,
ACU,САЩ
URBN,САЩ
SCKT,САЩ
PRPH,САЩ
FRT,САЩ
CBDBY,
MONRY,
KLRS,САЩ
PFO,САЩ
GTER,Кайманови-ови
NWFL,САЩ
HE,САЩ
RIO,Обединено кралство
BWMN,
TFPM,CANADA (FEDERAL LEVEL)
TGAAF,Кайманови-ови
NFBK,САЩ
ATOS,САЩ
ZEPP,Кайманови-ови
VUZI,САЩ
FDP,Кайманови-ови
WPM,"ONTARIO, CANADA"
SISI,
UHS,САЩ
PRTG,"VIRGIN ISLANDS, BRITISH"
UNB,САЩ
HMY,
EW,САЩ
MUA,САЩ
CCCS,САЩ
VISL,САЩ
YBGJ,САЩ
MD,САЩ
LOBO,
VIR,САЩ
ADUS,САЩ
MSDL,САЩ
CMGMY,
XRAY,САЩ
OI,САЩ
ZD,
ALT,САЩ
PLTR,
RDWQS,САЩ
SEM,
TSBX,САЩ
PGC,САЩ
SAR,САЩ
TDTH,
PHH,Китай
ATEC,САЩ
SALM,САЩ
CNVS,САЩ
COSM,САЩ
PELI,Кайманови-ови
SNBH,САЩ
PPCB,САЩ
NODK,
LGVN,САЩ
NELR,САЩ
RAAQ,Кайманови-ови
SOTK,САЩ
HGAS,САЩ
ADTX,САЩ
SYNX,Израел
RDUS,САЩ
BNIX,САЩ
COMP,САЩ
GLQ,САЩ
MIRA,САЩ
PRAX,САЩ
CMPX,САЩ
VYX,САЩ
FFAI,САЩ
EXE,САЩ
RMXI,САЩ
FSK,САЩ
VFC,САЩ
PMCB,САЩ
GWLL,САЩ
RJF,САЩ
STAG,
GRI,САЩ
MATH,
PGHL,Кайманови-ови
AMBO,Кайманови-ови
TOST,
FRSH,САЩ
LUVU,САЩ
BRX,САЩ
CNRCF,"BRITISH COLUMBIA, CANADA"
SIGY,САЩ
UCTT,САЩ
FXA,САЩ
LGCY,САЩ
KANP,
WT,САЩ
CHKP,
CRI,САЩ
SGA,САЩ
PLAG,САЩ
CCSI,САЩ
GH,САЩ
NNUP,САЩ
BWMX,Мексико
BANF,САЩ
UROY,CANADA (FEDERAL LEVEL)
GLDI,Швейцария
SBSI,САЩ
AXON,САЩ
RHLD,САЩ
XELB,САЩ
MBWM,САЩ
FRFHF,CANADA (FEDERAL LEVEL)
CUBT,САЩ
IPA,"BRITISH COLUMBIA, CANADA"
CISO,САЩ
VMD,"BRITISH COLUMBIA, CANADA"
CHR,Кайманови-ови
CONC,САЩ
BLMH,
CCIX,Кайманови-ови
GWTI,САЩ
QTZM,САЩ
AMPX,САЩ
CNCK,Нидерландия
MCAG,САЩ
KOPN,САЩ
NVEE,САЩ
AHNRF,САЩ
OTLC,САЩ
TIMB,Бразилия
GETY,САЩ
PFN,
RPT,САЩ
GDLC,Кайманови-ови
EVLV,
NCI,HONG KONG
DUFRY,
NVRI,САЩ
GMTH,САЩ
DTDT,Кайманови-ови
THQ,САЩ
RAVE,САЩ
AIHS,САЩ
VENU,САЩ
BAR,САЩ
TBI,САЩ
EDAP,
ACLLY,Швейцария
ETY,
TRMD,Обединено кралство
PANL,Бермуди
GNL,
BON,Кайманови-ови
LAUR,САЩ
CDTG,Кайманови-ови
SSL,Южна Африка
TMO,САЩ
FOFA,САЩ
IBCP,САЩ
IQST,САЩ
ABTI,
RARE,САЩ
JELD,САЩ
HGTY,САЩ
NBB,САЩ
WDSP,САЩ
NXL,САЩ
IGI,САЩ
AMAL,САЩ
CDW,САЩ
FLGC,"ONTARIO, CANADA"
APXIF,
WRB,САЩ
APYP,САЩ
CCG,
TBRG,САЩ
PINE,САЩ
RCFAF,
ADI,САЩ
OCFC,САЩ
XGN,САЩ
ASA,САЩ
TGHL,
INGN,САЩ
PAVS,Кайманови-ови
TPCS,САЩ
TRIC,САЩ
MMTRS,САЩ
RF,САЩ
TTC,САЩ
WPRT,
LULU,САЩ
AMTY,САЩ
PYCR,САЩ
UPST,САЩ
BNO,САЩ
GFAI,Кайманови-ови
DPRO,"BRITISH COLUMBIA, CANADA"
VGAS,САЩ
BLUE,САЩ
FCCN,САЩ
VSMR,САЩ
OILCF,"BRITISH COLUMBIA, CANADA"
FNCTF,
ISPO,САЩ
TKO,САЩ
AON,Ирландия
NETD,Кайманови-ови
ARMP,САЩ
UTHR,САЩ
HSON,САЩ
INM,"BRITISH COLUMBIA, CANADA"
WHLT,САЩ
ITHUF,"BRITISH COLUMBIA, CANADA"
WORX,САЩ
CMA,САЩ
STVN,
GGB,Бразилия
FTF,САЩ
OSPN,САЩ
SCGY,САЩ
XNDA,САЩ
WTFC,САЩ
ETI-P,САЩ
K,САЩ
ESEA,
STT,САЩ
WHLM,САЩ
PLRZ,Израел
EXR,САЩ
INBP,САЩ
ADMT,САЩ
MTWO,САЩ
FBYD,САЩ
MDIA,САЩ
ATSG,САЩ
PSIX,САЩ
MESO,Австралия
AWX,САЩ
RAL,САЩ
DX,САЩ
CPRT,САЩ
FBIZ,САЩ
GIGGF,"BRITISH COLUMBIA, CANADA"
REAL,САЩ
BZUN,Кайманови-ови
CBRL,
IMTE,Австралия
CMS,САЩ
STI,САЩ
GPMT,САЩ
CASY,САЩ
ORKT,Кайманови-ови
BRCC,САЩ
FBDS,САЩ
NFG,САЩ
OKYO,
AIQUY,
TCRG,САЩ
AAPI,САЩ
BWMG,САЩ
MRZM,САЩ
HRGH,Обединено кралство
PECO,САЩ
LTRN,САЩ
PMHS,САЩ
UELMO,САЩ
KN,САЩ
LUD,
BDCO,САЩ
PLSE,САЩ
MGX,
UBS,Швейцария
VGM,САЩ
ABEV,Бразилия
PSO,Обединено кралство
HUBG,САЩ
JPXGY,
HBIO,САЩ
AWP,САЩ
ILLR,САЩ
BTC,
D,САЩ
MP,САЩ
GROY,CANADA (FEDERAL LEVEL)
CM,
SFES,САЩ
IVR,САЩ
SAIC,САЩ
LVLU,САЩ
HTO,САЩ
TACT,САЩ
CGC,CANADA (FEDERAL LEVEL)
DT,
SWIN,Кайманови-ови
XELA,САЩ
EVG,
TDW,САЩ
FOF,САЩ
BELR,САЩ
TCBK,САЩ
BKYI,САЩ
RCUS,САЩ
CAL,САЩ
PLD,САЩ
FLNT,САЩ
XGEN,
TPET,САЩ
SG,САЩ
NVX,Австралия
WCN,"ONTARIO, CANADA"
HFWA,САЩ
AL,САЩ
STC,САЩ
CNM,САЩ
BBD,
PED,САЩ
AEYE,САЩ
AISP,САЩ
DEFG,Кайманови-ови
GOTU,Кайманови-ови
AAM,Кайманови-ови
AHMA,Обединени арабски емирства
INTT,САЩ
STLD,САЩ
URG,CANADA (FEDERAL LEVEL)
BITB,САЩ
LSCC,САЩ
ABAT,САЩ
DYNT,САЩ
QRON,САЩ
HQI,
ODDAF,"ONTARIO, CANADA"
HMH,САЩ
LUXH,САЩ
JOE,САЩ
CRWE,САЩ
SAP,Германия
EVH,САЩ
FER,Нидерландия
AEE,САЩ
SPXSY,
LMMY,САЩ
IHD,САЩ
SODI,САЩ
CMND,CANADA (FEDERAL LEVEL)
NRSN,Израел
EZET,САЩ
YALA,Кайманови-ови
TWO,САЩ
CIRX,САЩ
MIGI,САЩ
SAH,САЩ
SNCR,
ATHR,САЩ
GMGI,САЩ
FENG,
AWRE,САЩ
TLPH,САЩ
CARR,САЩ
SSSGY,Германия
PRPL,САЩ
ELV,САЩ
BBU,Бермуди
GSAT,САЩ
PLXS,САЩ
ABXXF,"ALBERTA, CANADA"
STGW,САЩ
GLXY,САЩ
WWW,САЩ
SACH,САЩ
VSCO,
FBCD,САЩ
JBI,САЩ
TUSK,САЩ
LITE,САЩ
KWE,"BRITISH COLUMBIA, CANADA"
KVHI,САЩ
GLIV,САЩ
NNBR,САЩ
WSR,САЩ
DECK,САЩ
FEBO,Кайманови-ови
SWBI,САЩ
DVS,"BRITISH COLUMBIA, CANADA"
ZOOZ,Израел
FLNG,Бермуди
FOSL,САЩ
LTRX,САЩ
SOBR,САЩ
TNGX,САЩ
ED,САЩ
SYAXF,Австралия
SGTM,САЩ
CBGGF,Кайманови-ови
U,САЩ
ZLAB,Кайманови-ови
ZENV,Бразилия
FA,
NEHC,САЩ
GEF,САЩ
BKTI,САЩ
NCZ,САЩ
ILST,САЩ
ARMK,САЩ
ALLR,САЩ
VNO,САЩ
NXPI,
CLEV,
DOCN,САЩ
NBBI,САЩ
REE,Израел
ICE,САЩ
ARES,САЩ
MLKN,САЩ
SSHT,САЩ
EVTC,PR
EVC,САЩ
SPE,САЩ
LMT,САЩ
PUBM,САЩ
FAF,САЩ
CSBR,САЩ
ELUT,САЩ
LWLG,САЩ
SA,"ONTARIO, CANADA"
NAMM,Кайманови-ови
EBS,САЩ
BLW,САЩ
ALTI,САЩ
WEX,САЩ
PRGY,
MT,
SPMC,САЩ
AMRK,САЩ
CIX,САЩ
ASCIX,САЩ
BLKB,САЩ
WRBY,САЩ
TRUP,САЩ
AGH,САЩ
TMDX,САЩ
CVVUF,"BRITISH COLUMBIA, CANADA"
PDFS,САЩ
TS,
JCTC,САЩ
DOCU,САЩ
HRTX,САЩ
PNTG,САЩ
SWI,САЩ
DTCB,САЩ
ESLT,Израел
FFC,САЩ
CPPTL,САЩ
IMUX,САЩ
AGEN,САЩ
BRGO,
FOUR,
INTU,САЩ
DKILY,Япония
LXU,САЩ
LGCXF,"BRITISH COLUMBIA, CANADA"
LCFY,Австралия
IBIO,САЩ
SKM,
VIST,Мексико
AMBA,
LIND,САЩ
ELAN,
GFS,Кайманови-ови
CDE,САЩ
AZTR,САЩ
HST,САЩ
DJCO,САЩ
WYNN,
HNI,САЩ
SAEYY,
TGLO,САЩ
API,Кайманови-ови
WNW,"VIRGIN ISLANDS, BRITISH"
DSL,САЩ
RDDT,САЩ
INLX,САЩ
AAPG,Кайманови-ови
ATCH,САЩ
BLMN,САЩ
FG,САЩ
BGX,
GROV,САЩ
HHHEF,"BRITISH COLUMBIA, CANADA"
CRCL,САЩ
CARCY,
AEHR,САЩ
ESGL,Кайманови-ови
DIOD,САЩ
EOI,
VERI,САЩ
NOW,
PTMN,САЩ
NOV,САЩ
QLGN,САЩ
MYCB,САЩ
CCRN,САЩ
ORLY,
OYSE,Кайманови-ови
VLAI,САЩ
CLLS,Франция
RITR,Кайманови-ови
IWSH,САЩ
SCM,САЩ
VNOM,САЩ
CKPT,САЩ
BUI,САЩ
RYI,САЩ
MRT,Кайманови-ови
TXO,UNITED STATES
NKTR,САЩ
CUBA,САЩ
INDB,САЩ
PENG,Кайманови-ови
XERS,
FF,САЩ
ARBE,Израел
WXM,Кайманови-ови
GALT,САЩ
HIMS,САЩ
CNI,"QUEBEC, CANADA"
BBW,САЩ
LMB,САЩ
MVT,САЩ
DSY,Кайманови-ови
AXGN,САЩ
EFC,САЩ
OPEN,
WAI,Кайманови-ови
BGO,Китай
ENX,
ZSPC,САЩ
CCTG,Кайманови-ови
HRI,САЩ
BYRN,САЩ
WDI,САЩ
CHCT,САЩ
FEMY,САЩ
POLA,САЩ
GHLD,САЩ
LILA,Бермуди
SHFS,САЩ
ALSN,САЩ
ELLO,Израел
BLFR,САЩ
GGAAF,Кайманови-ови
EFSC,САЩ
VCIC,Кайманови-ови
QQQX,САЩ
AXTI,САЩ
GES,САЩ
CARV,САЩ
OPGN,САЩ
AEIS,САЩ
MYNZ,Нидерландия
UBFO,САЩ
SLDB,САЩ
SIMO,Кайманови-ови
RSKIA,САЩ
VPG,САЩ
CTKYY,Кайманови-ови
GTCH,САЩ
KMTS,Бермуди
NFJ,САЩ
JRI,САЩ
AZN,Обединено кралство
MGY,САЩ
NMAI,САЩ
BWA,САЩ
PTLE,
ASNS,САЩ
POST,САЩ
TAX,САЩ
GTLB,САЩ
ALRS,САЩ
FDUS,САЩ
ZEO,
SAVA,САЩ
GRPN,САЩ
ALZN,САЩ
PCSC,Кайманови-ови
BHVN,"VIRGIN ISLANDS, BRITISH"
MQT,САЩ
MNOV,САЩ
EZOO,САЩ
EFR,
OESX,САЩ
SLBK,САЩ
TSKFF,"ONTARIO, CANADA"
SAM,САЩ
ABLZF,
MDRX,САЩ
NSTS,
G,Бермуди
HCAI,
BSRR,САЩ
CHKR,САЩ
EVAX,Дания
TBTC,САЩ
DVAX,САЩ
ODYY,САЩ
KF,САЩ
RDAC,
OEC,
INTC,САЩ
STBXF,Кайманови-ови
AMCR,JERSEY
PHAR,Нидерландия
WTO,Кайманови-ови
EVBN,САЩ
FFFZ,Китай
TSEM,Израел
FBSI,САЩ
PAG,САЩ
CGTL,Кайманови-ови
KLTO,
SIBN,САЩ
IRTC,САЩ
KDP,САЩ
NVR,САЩ
MHH,САЩ
SMHI,САЩ
SOPA,САЩ
PM,САЩ
UURAF,"ALBERTA, CANADA"
MDRR,САЩ
STBA,САЩ
CEDAX,САЩ
ZJK,Кайманови-ови
NXXT,САЩ
ENMI,САЩ
ENGCQ,САЩ
UUP,САЩ
VNUE,САЩ
KPRX,САЩ
LINE,САЩ
TPR,САЩ
FNF,
GAN,Бермуди
HTLD,САЩ
CXW,САЩ
JHI,САЩ
OSRH,САЩ
TLRY,
GEVI,САЩ
VSA,Кайманови-ови
GOVB,САЩ
CRIS,САЩ
RGS,САЩ
SRAD,Швейцария
BODI,САЩ
EBRCZ,САЩ
BHK,САЩ
ICON,САЩ
EUBG,САЩ
CLDT,САЩ
AUID,САЩ
SMWB,Израел
SLQT,САЩ
WOOF,САЩ
BAX,САЩ
SGN,САЩ
ACEL,САЩ
PUBC,САЩ
GGR,"TAIWAN, PROVINCE OF CHINA"
CMCT,САЩ
SKYI,САЩ
DXC,САЩ
PBF,САЩ
LOGI,
GIPL,САЩ
TWG,Кайманови-ови
BAOS,Кайманови-ови
AIUG,САЩ
GLE,"VIRGIN ISLANDS, BRITISH"
VRN,"ALBERTA, CANADA"
TBBB,"VIRGIN ISLANDS, BRITISH"
KTEL,
BBCP,САЩ
FCUV,САЩ
VACNY,
ETCG,САЩ
CDXS,САЩ
DAVE,
SINC,САЩ
HCHL,
IMMR,САЩ
ISTR,САЩ
ASTH,САЩ
CABA,САЩ
MLRT,САЩ
TROO,Кайманови-ови
HUML,САЩ
MNTR,САЩ
SANP,САЩ
CDNA,САЩ
CET,САЩ
IOTR,Кайманови-ови
WEAV,САЩ
JWEL,Кайманови-ови
HMST,САЩ
DFH,САЩ
SNSE,САЩ
BWIN,САЩ
MSEX,САЩ
RANI,САЩ
FDXTF,"BRITISH COLUMBIA, CANADA"
CRSR,САЩ
GNSS,САЩ
SUPV,
CAST,САЩ
SPNS,NETHERLANDS ANTILLES
FEDU,Китай
VFF,"ONTARIO, CANADA"
GRHI,САЩ
MTC,"VIRGIN ISLANDS, BRITISH"
OCX,САЩ
MYE,САЩ
FERA,Кайманови-ови
BLUW,
CATG,САЩ
NCSM,САЩ
APLD,САЩ
ABCFF,"BRITISH COLUMBIA, CANADA"
AZO,САЩ
SYPR,САЩ
BIPC,"BRITISH COLUMBIA, CANADA"
AAUAF,
AMBI,Кайманови-ови
AVNS,САЩ
BRST,САЩ
INEO,Кайманови-ови
GEO,САЩ
ATLN,САЩ
MMLP,САЩ
NVZMY,
AILEQ,САЩ
SNT,"ONTARIO, CANADA"
OPXS,САЩ
ABVE,"ALBERTA, CANADA"
LAND,САЩ
OPCH,САЩ
KTN,САЩ
KTTA,САЩ
PBR,Бразилия
GLOP-PB,Маршалови острови
TMC,"BRITISH COLUMBIA, CANADA"
JOB,САЩ
TMDE,Кайманови-ови
GAU,"BRITISH COLUMBIA, CANADA"
TGI,САЩ
LMND,САЩ
QSR,"ONTARIO, CANADA"
MDER,
JRS,
AKRO,САЩ
ALDX,САЩ
TNFA,САЩ
IRAA,САЩ
USAS,CANADA (FEDERAL LEVEL)
ETG,
ACLX,САЩ
NSRCF,САЩ
LLY,САЩ
ACRE,САЩ
SPKL,САЩ
AMSC,САЩ
RLYB,САЩ
RNG,
BSBK,
MTZ,САЩ
LNDZF,"BRITISH COLUMBIA, CANADA"
CTRI,САЩ
HG,Бермуди
HZEN,САЩ
PHIN,САЩ
FGB,
FMFC,
GCO,САЩ
MASI,САЩ
HWC,САЩ
BOLD,САЩ
BBY,САЩ
TDUP,САЩ
LND,Бразилия
VOR,САЩ
MLYS,САЩ
CRUS,САЩ
HOFV,САЩ
CYTOF,Бермуди
GRF,САЩ
ITIC,САЩ
GDRX,САЩ
COF,САЩ
RLMD,САЩ
YMAB,САЩ
ENSV,САЩ
WTF,"VIRGIN ISLANDS, BRITISH"
ZNOG,САЩ
ACHC,САЩ
HUYA,Кайманови-ови
NRRWF,"BRITISH COLUMBIA, CANADA"
NIPG,Кайманови-ови
SPNT,Бермуди
NNDM,Израел
NEON,САЩ
CHNR,"VIRGIN ISLANDS, BRITISH"
MXL,
VOYA,САЩ
RSCI,САЩ
WBX,Нидерландия
PWM,Кайманови-ови
BIYA,
RVRC,САЩ
NXNT,САЩ
RNP,САЩ
FLS,САЩ
HFRO,САЩ
RBC,
SCHL,САЩ
BNED,САЩ
CDRO,Люксембург
MERC,САЩ
HODL,САЩ
VBIX,САЩ
WWD,САЩ
UMAC,САЩ
LVS,САЩ
OIS,САЩ
SPRY,САЩ
HNIT,САЩ
INCR,Израел
RGEN,САЩ
ARCB,САЩ
CLDVF,CANADA (FEDERAL LEVEL)
OOMA,САЩ
MAMO,САЩ
CIO,
CCIF,САЩ
BURU,САЩ
PTNRF,Израел
MYGN,САЩ
PTZH,САЩ
ATNM,САЩ
MTB,САЩ
PVCT,САЩ
EVRG,
PLPL,
ABNB,САЩ
VVR,САЩ
ABT,САЩ
PARA,САЩ
ETH,
DOC,САЩ
SKYT,САЩ
GLNK,САЩ
AIDG,
BKN,САЩ
DSAQ,САЩ
KAYS,САЩ
CTOWY,Китай
PLG,"BRITISH COLUMBIA, CANADA"
ODTX,САЩ
MCK,САЩ
HTH,САЩ
JLL,САЩ
MBAV,Кайманови-ови
RSMXF,"BRITISH COLUMBIA, CANADA"
ASCBF,"VIRGIN ISLANDS, BRITISH"
CCI,САЩ
IPCX,
RCL,
RAASY,Кайманови-ови
MDNC,САЩ
ASTS,САЩ
BKHA,
CXAI,САЩ
ASIC,САЩ
ORGN,САЩ
BTBD,
ADXN,Швейцария
ZH,Кайманови-ови
WELNF,Кайманови-ови
PCT,UNITED STATES
PSPX,САЩ
POCI,САЩ
BRFH,САЩ
PCG,САЩ
ETD,САЩ
PTA,САЩ
GAUZ,Израел
BCYC,Обединено кралство
EMGDF,"BRITISH COLUMBIA, CANADA"
IP,САЩ
UEC,САЩ
WLGS,"VIRGIN ISLANDS, BRITISH"
APHP,САЩ
WBUY,Кайманови-ови
NTGR,САЩ
ECAT,САЩ
SNTW,САЩ
ALYAF,"QUEBEC, CANADA"
EAD,САЩ
TDG,САЩ
EXC,САЩ
RITE,САЩ
GJT,
MDCE,САЩ
CIG,
LGCL,Кайманови-ови
SEAT,САЩ
THAR,САЩ
CAT,САЩ
TX,Люксембург
ANSC,Кайманови-ови
UNH,САЩ
HXHX,Китай
PKX,
SQFT,САЩ
MMS,САЩ
YOUL,
SGIOY,
USCB,САЩ
NRUC,DC
TRSG,Кайманови-ови
SYT,Япония
NEA,САЩ
ADVB,САЩ
AN,САЩ
KELYA,САЩ
AFRI,GIBRALTAR
DLPN,САЩ
PLRX,САЩ
HUBS,САЩ
NAN,САЩ
TER,САЩ
CBU,САЩ
SRMX,САЩ
GCTS,САЩ
TSQ,САЩ
PCOK,САЩ
CHX,САЩ
DCI,САЩ
ANL,САЩ
BHLL,САЩ
IGR,САЩ
CFBK,САЩ
JBS,Нидерландия
ARAY,САЩ
MGM,САЩ
MKSI,САЩ
JOCM,САЩ
MQ,
PRMLF,"ONTARIO, CANADA"
FARM,САЩ
PHYWF,
CHMX,САЩ
SEE,САЩ
FYBR,
DFS,САЩ
AESI,САЩ
VNT,САЩ
PDCC,САЩ
ATOM,САЩ
ORIS,
SBFG,САЩ
PTY,
AGNPF,"BRITISH COLUMBIA, CANADA"
FSHP,
CEP,Кайманови-ови
CCK,САЩ
KNSA,Обединено кралство
SNDL,"ALBERTA, CANADA"
CVM,САЩ
EGHA,Кайманови-ови
HEPS,Турция
NCIQ,САЩ
EVOY,САЩ
PVLA,САЩ
YSXT,Кайманови-ови
IMCR,Обединено кралство
MSGY,Кайманови-ови
MOBX,САЩ
BRLT,САЩ
NWPX,САЩ
SKLTY,
MIO,САЩ
MIFF,
YUM,САЩ
XFLT,САЩ
GLV,САЩ
CNBX,САЩ
PSA,САЩ
AZI,Кайманови-ови
KRFG,САЩ
ETON,САЩ
LWAY,САЩ
MCN,САЩ
BGR,САЩ
BAK,
DVLT,САЩ
IPW,САЩ
OPTN,САЩ
BCTF,САЩ
XPEV,Кайманови-ови
RXO,САЩ
PLAY,САЩ
CVU,САЩ
MIMTY,Япония
MULN,САЩ
SNIRY,Обединено кралство
LCTX,САЩ
SBFM,САЩ
SLS,САЩ
ANTX,САЩ
OTTR,САЩ
FIBK,САЩ
ADIL,САЩ
PGNY,САЩ
SEG,САЩ
LMNR,САЩ
OTEX,"ONTARIO, CANADA"
DB,
RYAAY,
RTSL,САЩ
SPQS,САЩ
RTNTF,Австралия
ARKB,САЩ
FVRR,Израел
TTEC,САЩ
GOCO,САЩ
CHRO,САЩ
BANX,САЩ
ARQQ,Кайманови-ови
TLSI,САЩ
RPRX,Обединено кралство
BARK,
FRSPF,"BRITISH COLUMBIA, CANADA"
RFIL,САЩ
CLMB,САЩ
EAWD,САЩ
GSM,Обединено кралство
NAC,САЩ
GBFH,САЩ
PPSI,САЩ
XYLO,Израел
CAMP,САЩ
KODK,САЩ
SERA,САЩ
CL,САЩ
REOS,САЩ
FPRGF,"BRITISH COLUMBIA, CANADA"
BTU,САЩ
VLY,САЩ
DDS,САЩ
MMYT,Мавриций
INTE,САЩ
APOG,САЩ
CORZ,САЩ
FLUX,САЩ
CRDF,САЩ
MNPR,САЩ
UFPI,САЩ
BDL,САЩ
FCCO,САЩ
CVNA,САЩ
GTLS,САЩ
HURN,САЩ
FCBC,САЩ
PNPNF,"BRITISH COLUMBIA, CANADA"
ASM,
TRDA,САЩ
AAGFF,"BRITISH COLUMBIA, CANADA"
OUT,САЩ
EIIA,САЩ
NREF,САЩ
HDB,Индия
CLF,САЩ
RAIL,САЩ
TSOI,
GLOB,Испания
EGO,"BRITISH COLUMBIA, CANADA"
GRRR,
AMD,САЩ
CPRX,САЩ
INNI,САЩ
RIGL,САЩ
TYGO,САЩ
LEE,САЩ
PODC,САЩ
CENN,САЩ
INGM,САЩ
ECG,САЩ
TOP,Кайманови-ови
NVA,Австралия
HPQ,САЩ
FOXA,САЩ
HVT,САЩ
GNK,Маршалови острови
CNDT,САЩ
SMCE,САЩ
BMR,Израел
WLMIY,
RVSB,САЩ
EMCG,Кайманови-ови
YPF,Аржентина
ENGN,CANADA (FEDERAL LEVEL)
XAIR,САЩ
FROG,Израел
HOUR,САЩ
STIM,САЩ
ASPC,"VIRGIN ISLANDS, BRITISH"
ZIM,Израел
SUI,САЩ
FXF,САЩ
CIK,САЩ
MCRB,САЩ
SIRI,
TBIO,САЩ
BTCO,САЩ
PGRE,
MANH,САЩ
ADUR,"BRITISH COLUMBIA, CANADA"
PZZA,САЩ
T,САЩ
INRE,САЩ
MMI,
VSEC,САЩ
VNDA,САЩ
AIN,САЩ
GUG,САЩ
MARPS,САЩ
ISPR,
IVVD,САЩ
TXMD,САЩ
NRIX,САЩ
ENIC,Чили
LGSP,САЩ
ASII,САЩ
ZETA,САЩ
GUER,САЩ
GDLG,САЩ
BATRA,САЩ
NVNO,САЩ
PTNM,HONG KONG
LECO,САЩ
DSX,
LIMN,САЩ
PALL,САЩ
FAAS,Кайманови-ови
RGLD,САЩ
CRVL,САЩ
MOB,Австралия
FRO,
VZLA,"BRITISH COLUMBIA, CANADA"
BYFC,САЩ
KEY,САЩ
BMY,САЩ
BKSY,UNITED STATES
XYLB,САЩ
IMCC,"BRITISH COLUMBIA, CANADA"
TOMZ,САЩ
ALIT,САЩ
SEI,САЩ
PNC,САЩ
JPC,САЩ
DTCK,Кайманови-ови
RY,"ONTARIO, CANADA"
AUB,САЩ
ABLV,Кайманови-ови
STLA,Нидерландия
BHV,САЩ
DAL,САЩ
FCPT,САЩ
CUK,
BWLP,Сингапур
AUSI,САЩ
SSTK,САЩ
TH,САЩ
GANX,САЩ
OFIX,
RAY,"VIRGIN ISLANDS, BRITISH"
AQN,"ONTARIO, CANADA"
RCIT,САЩ
REX,САЩ
CDNS,САЩ
WELPP,САЩ
UAMY,САЩ
APG,САЩ
SOBO,CANADA (FEDERAL LEVEL)
RMHI,САЩ
PSF,
BDRY,САЩ
NCPL,САЩ
CCD,
KNOS,САЩ
IRWD,САЩ
TFII,"QUEBEC, CANADA"
MSSAF,
VATE,САЩ
NHI,САЩ
AGAE,САЩ
PTLO,САЩ
FGCO,САЩ
SAFT,САЩ
NSARO,САЩ
PDSRX,САЩ
HYPMY,
YELP,САЩ
BENF,САЩ
BITF,"ONTARIO, CANADA"
TRX,"ALBERTA, CANADA"
BBAI,САЩ
HEQ,САЩ
ARGD,
SGLA,
IBOC,САЩ
AVR,САЩ
CFR,САЩ
LSTA,САЩ
SMIP,САЩ
LZ,САЩ
BSGM,САЩ
FMCC,
PNYG,САЩ
SGMT,САЩ
QMMM,Кайманови-ови
GTLL,САЩ
SGHT,САЩ
TRSO,САЩ
GNE,САЩ
NKSH,САЩ
CBSH,САЩ
GFR,"ALBERTA, CANADA"
ALDS,САЩ
ADV,
AETHF,"BRITISH COLUMBIA, CANADA"
FBNC,САЩ
KLXE,
MPC,САЩ
MPWR,САЩ
CGO,САЩ
SOHU,Кайманови-ови
CLMT,
WOK,Китай
CCS,САЩ
SOC,САЩ
MEJHY,
ELPW,Кайманови-ови
BXP,САЩ
BALY,САЩ
YETI,САЩ
HVII,САЩ
CURI,САЩ
BLDR,САЩ
PYRGF,"QUEBEC, CANADA"
TATT,
HCC,САЩ
MFH,
WSM,САЩ
RNAZ,САЩ
IGEX,САЩ
PSTG,САЩ
KBSX,
AWK,САЩ
ING,Нидерландия
FSUN,САЩ
PCVX,САЩ
AAOI,САЩ
GCMG,САЩ
PVL,САЩ
PSBD,САЩ
TREX,САЩ
FTCI,САЩ
KEP,
FUND,САЩ
CODQL,САЩ
MCI,САЩ
ICL,Израел
BRPHF,Кайманови-ови
BYM,
PFBX,САЩ
CELC,САЩ
MIMI,
AGIO,САЩ
CPSH,САЩ
QSEP,САЩ
GLO,САЩ
SGC,САЩ
PNI,САЩ
TBPH,Кайманови-ови
PAA,САЩ
ONEG,
CKX,САЩ
MITT,САЩ
SN,Кайманови-ови
FLYE,САЩ
WDAY,САЩ
PUK,Обединено кралство
PEBO,САЩ
NMT,САЩ
SVBL,САЩ
CHT,
DPMAY,
SPPL,
LSPD,CANADA (FEDERAL LEVEL)
STHO,САЩ
LCTC,САЩ
KSCP,САЩ
PG,САЩ
GITS,UNITED STATES
NOC,
COLM,САЩ
ADAP,Обединено кралство
FORR,САЩ
BTOG,Кайманови-ови
CSQ,
KRUS,САЩ
SKYE,САЩ
DRS,САЩ
PHM,САЩ
NDRA,САЩ
FTHY,
HSPO,Кайманови-ови
IMOS,"TAIWAN, PROVINCE OF CHINA"
FGO,
ATO,САЩ
AKOM,САЩ
CPBI,САЩ
ELBM,"ONTARIO, CANADA"
DTSQ,
COST,САЩ
NUVI,САЩ
UNQL,
LYG,Обединено кралство
HLYK,САЩ
SPG,САЩ
NISN,"VIRGIN ISLANDS, BRITISH"
HOFT,САЩ
AVGO,
WMPN,САЩ
CHRD,САЩ
VHC,САЩ
GRAL,
UNP,САЩ
VWAV,САЩ
CPTP,САЩ
ACVA,САЩ
HD,САЩ
BRO,САЩ
OPBK,САЩ
GV,"ONTARIO, CANADA"
DSGN,САЩ
KRP,САЩ
CHW,САЩ
PBA,"ALBERTA, CANADA"
FANG,САЩ
LNKB,САЩ
CANN,САЩ
PCMC,САЩ
EFB,"VIRGIN ISLANDS, BRITISH"
AKAM,САЩ
KINS,САЩ
TSN,САЩ
APSI,САЩ
VRDN,САЩ
TOUR,Кайманови-ови
GT,САЩ
BEN,САЩ
ERII,САЩ
EWBC,САЩ
ADSK,САЩ
TNXP,САЩ
SXTP,САЩ
TWN,САЩ
PZG,САЩ
CVEO,"BRITISH COLUMBIA, CANADA"
MLNK,САЩ
MKTX,
RSHGY,
WEA,САЩ
ODYS,
MCD,САЩ
HTD,
PINC,
BIP,Бермуди
NVFY,САЩ
TOPP,САЩ
AZTA,САЩ
APPF,
BTOC,САЩ
YOU,САЩ
AEON,САЩ
BIRD,САЩ
AACB,Кайманови-ови
HLVX,САЩ
LENZ,САЩ
SANG,"ONTARIO, CANADA"
SABS,САЩ
BFYW,САЩ
GARWF,"BRITISH COLUMBIA, CANADA"
BOTH,САЩ
NXPT,САЩ
PUMP,САЩ
ESSI,САЩ
PRSU,САЩ
NHNKY,
DNLI,САЩ
BEOB,САЩ
AME,САЩ
CLSD,САЩ
ALNT,САЩ
BMI,САЩ
CAR,САЩ
ADC,САЩ
WDS,
XBP,САЩ
CUBI,САЩ
LAD,САЩ
C,САЩ
CCEC,
ELVA,"ONTARIO, CANADA"
RTGN,САЩ
MSA,
ARE,САЩ
BLIN,САЩ
BLBD,
LYFT,САЩ
IFF,САЩ
GLP,
DAKT,САЩ
DRIO,САЩ
WKSP,САЩ
NRP,САЩ
TTMI,САЩ
SSSS,САЩ
NPCE,САЩ
ECDA,САЩ
THPTF,САЩ
ARKR,САЩ
XOS,САЩ
ATIP,САЩ
ACET,САЩ
PLPC,САЩ
JQC,САЩ
FANUY,Япония
MXF,САЩ
OMCL,САЩ
WNLV,САЩ
DMAA,
ODV,CANADA (FEDERAL LEVEL)
PROP,САЩ
ABCB,САЩ
BLBX,САЩ
WBS,САЩ
QSJC,САЩ
SITS,САЩ
FAURY,Франция
MDWK,САЩ
GPLB,
VMI,САЩ
LB,САЩ
OPFI,
QUIK,САЩ
ROK,САЩ
CACI,САЩ
QDMI,САЩ
YJGJ,САЩ
TOI,САЩ
VTBAS,САЩ
BFNH,
VTMX,Мексико
EVEX,
TLIH,Кайманови-ови
AXREF,
TIXT,"BRITISH COLUMBIA, CANADA"
CTAS,САЩ
BETR,
ONC,
ON,САЩ
LFST,САЩ
CRSP,Швейцария
USEA,Маршалови острови
JRSS,САЩ
CNCL,САЩ
BGIN,Кайманови-ови
BTA,
LEBGF,"ALBERTA, CANADA"
USAU,САЩ
NNI,САЩ
CFFI,САЩ
LRN,САЩ
AAT,САЩ
ATYR,САЩ
WTRG,САЩ
RL,САЩ
GTEN,Кайманови-ови
APH,САЩ
CPK,САЩ
MDLZ,САЩ
CFSB,САЩ
BRID,САЩ
LDP,САЩ
UAVS,САЩ
IVA,Франция
WBHC,САЩ
SB,
NKE,САЩ
MDV,САЩ
TEAM,
PRLB,
SSCC,САЩ
LANC,САЩ
WTBA,САЩ
GPJA,САЩ
IGMS,САЩ
IIIV,САЩ
AHL,Бермуди
NNVC,САЩ
CWBHF,"BRITISH COLUMBIA, CANADA"
PTCO,САЩ
SHO,САЩ
CNTY,САЩ
PACB,САЩ
KIDS,
DGXX,"BRITISH COLUMBIA, CANADA"
LITSF,"BRITISH COLUMBIA, CANADA"
DBX,САЩ
OUKPY,
OCG,Кайманови-ови
MHK,САЩ
GHRS,Ирландия
NRXS,САЩ
LMAT,
FREVS,САЩ
CRRFY,
CBDY,САЩ
SJT,САЩ
UPBD,САЩ
NIC,САЩ
BTX,САЩ
FGFH,САЩ
HCM,Кайманови-ови
RDI,САЩ
AOAO,САЩ
VOD,
DZSIQ,САЩ
LW,
EMA,
QVCD,САЩ
PNW,САЩ
CNFR,САЩ
SPGX,
WWR,САЩ
FSBW,САЩ
ARLO,САЩ
ELMD,
IGPK,САЩ
SBEV,САЩ
WTG,Кайманови-ови
BRGC,САЩ
TSE,Ирландия
LUXE,Нидерландия
VITL,САЩ
IBIT,САЩ
TRU,САЩ
HLNE,САЩ
CURR,Кайманови-ови
FCAP,САЩ
BABB,САЩ
HGBL,САЩ
HCWC,САЩ
NBTX,Франция
PIPR,САЩ
KNX,
NPWR,САЩ
SRDX,САЩ
SCOR,САЩ
ECC,САЩ
SITE,САЩ
NEWH,САЩ
GGROU,САЩ
TRUE,САЩ
UHG,САЩ
OMH,Кайманови-ови
OXBR,Кайманови-ови
CRC,САЩ
ROMA,Кайманови-ови
BAP,
HLT,САЩ
QTTB,САЩ
HYI,САЩ
PBFS,САЩ
ALE,САЩ
CIEN,САЩ
ETN,
LIF,САЩ
RSRV,САЩ
MFI,"VIRGIN ISLANDS, BRITISH"
CURV,САЩ
NESR,"VIRGIN ISLANDS, BRITISH"
HNNA,
WTI,САЩ
FIHL,Бермуди
NIVF,"VIRGIN ISLANDS, BRITISH"
MODG,САЩ
GOGR,САЩ
ASX,
STKS,САЩ
JUNS,САЩ
CVR,САЩ
RQI,САЩ
AMIX,САЩ
HCVI,САЩ
ODFL,САЩ
MPB,САЩ
MSMU,Кайманови-ови
RLI,САЩ
FSS,САЩ
TRGP,САЩ
IGTA,
AIMI,САЩ
CW,САЩ
REZI,САЩ
FLIC,САЩ
AAQL,САЩ
NTCT,САЩ
WETH,САЩ
ONON,Швейцария
PPIH,САЩ
SNFCA,САЩ
JOF,САЩ
BEAM,САЩ
ELVG,САЩ
CLFD,САЩ
HLRTF,"BRITISH COLUMBIA, CANADA"
NHS,
RIME,САЩ
ORMP,САЩ
BMNR,САЩ
YAHOY,Япония
CII,
NGNE,
ORIC,САЩ
CYTK,
BOOM,САЩ
BIORQ,САЩ
BXC,САЩ
GDDY,САЩ
BCHT,САЩ
TFX,САЩ
HHEGF,Кайманови-ови
ZEUS,САЩ
TAVI,Кайманови-ови
MXE,САЩ
PETZ,"VIRGIN ISLANDS, BRITISH"
TCBC,САЩ
LCUT,САЩ
ITOX,САЩ
GENI,GUERNSEY
ERNA,САЩ
CTNM,САЩ
ETR,САЩ
TCRT,САЩ
OLED,САЩ
LGCP,САЩ
NTCL,
MFA,САЩ
GDYN,САЩ
DTSS,САЩ
BUD,Белгия
XOM,САЩ
PSNL,САЩ
SIGA,САЩ
MCARY,Япония
HYAC,Кайманови-ови
FLG,САЩ
KYMR,САЩ
EME,САЩ
XNCR,САЩ
CIF,САЩ
BGH,САЩ
CRTD,САЩ
SR,САЩ
KOAN,САЩ
LGCB,Япония
LEA,САЩ
ACNT,САЩ
INTS,САЩ
MRBK,САЩ
TTAM,Белгия
MAG,"BRITISH COLUMBIA, CANADA"
CECO,САЩ
CSX,САЩ
CVS,САЩ
KAR,САЩ
CNX,САЩ
LCNB,САЩ
SLTN,
COHR,САЩ
GRUSF,"ONTARIO, CANADA"
FRPH,САЩ
CACC,САЩ
IHS,Мавриций
ELVN,САЩ
AMP,САЩ
DRI,САЩ
HBT,САЩ
NNE,САЩ
PICW,Кайманови-ови
FLWS,САЩ
SNPS,САЩ
MBUU,САЩ
WSFS,САЩ
RMESF,"BRITISH COLUMBIA, CANADA"
AAKAY,Швеция
FFIC,САЩ
KT,
MMU,САЩ
FLYW,САЩ
PERI,Израел
BRIA,
CAPL,
NOK,Финландия
NBH,
OAK-PA,САЩ
AUST,"BRITISH COLUMBIA, CANADA"
MSIF,
RH,САЩ
QURE,
VRPX,САЩ
WINT,САЩ
ELF,САЩ
GAHC,САЩ
TCRI,САЩ
GLAD,САЩ
RVLV,САЩ
PRSI,САЩ
ULBI,САЩ
SONY,Япония
PENN,САЩ
SOHGY,
SNRG,САЩ
PSFE,Бермуди
MMEX,САЩ
BYNO,САЩ
MPJS,HONG KONG
BCRX,САЩ
FUSE,
HOLO,Кайманови-ови
NCT,Кайманови-ови
HTB,САЩ
TELO,САЩ
CBRE,САЩ
MYD,САЩ
SM,САЩ
TVRD,САЩ
PFLT,
ENVA,САЩ
NGG,
GBTG,САЩ
PSNY,Обединено кралство
NA,Кайманови-ови
SNTUF,
URGN,Израел
MSPR,
PATK,САЩ
NZERF,"BRITISH COLUMBIA, CANADA"
PULM,САЩ
SLSR,
GYST,САЩ
H,САЩ
HTZ,САЩ
CBIH,
SNPX,САЩ
FSFG,САЩ
CSCI,"ONTARIO, CANADA"
VRM,
MYTHY,
RERE,
MMM,САЩ
BYON,САЩ
UTSI,Кайманови-ови
PCQ,САЩ
NCHEY,
FNGR,САЩ
CGEM,
MAIN,САЩ
TSCO,САЩ
VMHG,САЩ
AMR,САЩ
CSUI,САЩ
QETA,
PGDE,САЩ
CASK,САЩ
STG,Кайманови-ови
MTW,САЩ
HEES,
LEVGQ,"QUEBEC, CANADA"
VLN,Израел
LGI,САЩ
LEDS,
NMGX,САЩ
CLEU,Кайманови-ови
ZJYL,Кайманови-ови
CEAD,САЩ
FSEA,
NEXT,САЩ
DRH,
FRGE,САЩ
KOD,САЩ
DTM,САЩ
LPCN,САЩ
AMWL,САЩ
ABTS,"VIRGIN ISLANDS, BRITISH"
OBTC,САЩ
HAFC,САЩ
RPDL,САЩ
ARGX,Нидерландия
GCI,
NFTN,САЩ
ZYXI,САЩ
NINE,САЩ
QIPT,"BRITISH COLUMBIA, CANADA"
MAS,САЩ
JPOTF,"BRITISH COLUMBIA, CANADA"
SOGP,Кайманови-ови
BRNS,Обединено кралство
CATY,САЩ
RDEIY,
WINSF,Кайманови-ови
GABC,САЩ
ASLE,САЩ
CAMG,САЩ
CCB,САЩ
VLCN,САЩ
ANET,САЩ
SEB,САЩ
XYF,Кайманови-ови
ROLR,САЩ
OSS,
GOVX,САЩ
CHSCP,САЩ
BBAR,
SLRN,САЩ
PSLV,"ONTARIO, CANADA"
CPZ,САЩ
HIW,САЩ
WIX,Израел
SVCC,Кайманови-ови
TGNT,САЩ
VSTS,САЩ
TU,"BRITISH COLUMBIA, CANADA"
COHN,САЩ
AYI,САЩ
HWBK,САЩ
RBRK,САЩ
KAI,САЩ
VCTR,САЩ
MDU,
OMTK,
NMREF,CANADA (FEDERAL LEVEL)
SCCO,САЩ
BSAI,САЩ
OVV,САЩ
WMB,САЩ
ZAPP,Кайманови-ови
ARBK,Обединено кралство
SPY,САЩ
PASG,САЩ
ANDE,САЩ
WYY,САЩ
ETW,
BNS,CANADA (FEDERAL LEVEL)
TMBBY,
TEM,САЩ
BACK,САЩ
PTIX,САЩ
PWOD,САЩ
FFIV,САЩ
MGIC,Израел
WNC,САЩ
TRLEF,"BRITISH COLUMBIA, CANADA"
OCEA,САЩ
YCRM,САЩ
GSIT,
CMI,САЩ
BSFC,САЩ
OSTX,САЩ
MSFT,САЩ
SARO,САЩ
TISI,САЩ
ALSAF,
DTE,САЩ
CBOE,САЩ
CX,Мексико
HP,САЩ
AZEK,САЩ
AKTX,Обединено кралство
KCRD,САЩ
SF,САЩ
SVC,САЩ
OVLY,САЩ
ELTK,Израел
EXAS,САЩ
GLNCY,
SVXY,САЩ
HCI,САЩ
SWK,САЩ
LDIN,
GNRV,САЩ
ARCT,САЩ
GL,САЩ
VEEV,САЩ
RTON,САЩ
ZION,САЩ
APT,САЩ
LDDD,
ALCO,САЩ
KREF,САЩ
PTRRY,Бразилия
CCOI,САЩ
NMCO,САЩ
WALD,
KVYO,САЩ
TLLTF,"BRITISH COLUMBIA, CANADA"
PFHO,САЩ
BCG,
CSWI,САЩ
SER,САЩ
BFIN,
STSR,САЩ
VABK,САЩ
HEPA,САЩ
ENOGY,Обединено кралство
CGCT,Кайманови-ови
PPYA,САЩ
TURN,САЩ
SHVLF,"BRITISH COLUMBIA, CANADA"
LFLY,САЩ
BLZE,САЩ
CGBD,САЩ
RENB,САЩ
HHS,САЩ
OGS,САЩ
TGTX,САЩ
XPON,САЩ
POAI,САЩ
RPM,САЩ
RAKR,САЩ
LAZR,
TRNO,
MOG-A,САЩ
FUBO,САЩ
SPH,САЩ
SFWJ,САЩ
USFD,САЩ
AKA,
JBGS,САЩ
KLC,САЩ
CHSN,Кайманови-ови
MTUS,САЩ
KFII,Кайманови-ови
ATLO,UNITED STATES
VYST,САЩ
MTMV,САЩ
SITM,
BKUCF,"BRITISH COLUMBIA, CANADA"
SGD,САЩ
COPAF,"BRITISH COLUMBIA, CANADA"
GOAI,САЩ
SHIM,САЩ
FTHM,САЩ
LANV,Кайманови-ови
ADCT,Швейцария
VHI,САЩ
GLBE,Израел
TRV,САЩ
BWAY,Израел
PNNT,
HALO,САЩ
CSDX,САЩ
XXAAU,САЩ
GAP,САЩ
CRS,САЩ
GCAN,САЩ
CVV,САЩ
ITUB,Бразилия
KLYG,САЩ
FBLG,САЩ
FINS,САЩ
PLBY,САЩ
LGPS,Япония
NOA,"ALBERTA, CANADA"
GNFT,Франция
EGG,Кайманови-ови
GYGC,САЩ
LISMF,"BRITISH COLUMBIA, CANADA"
MLM,САЩ
SNYR,САЩ
TTAN,САЩ
BCS,Обединено кралство
IDYA,САЩ
HRNNF,"ONTARIO, CANADA"
GAB,САЩ
LCII,САЩ
VEEE,
SNAL,САЩ
IDE,САЩ
MHN,САЩ
THO,САЩ
CTLP,САЩ
SMFG,Япония
OMCC,САЩ
TK,Бермуди
SDSYA,
ALKT,САЩ
CHWY,
DENN,САЩ
AEO,САЩ
HNW,САЩ
SFTO,Кайманови-ови
ANIK,САЩ
EQV,Кайманови-ови
ZNTL,
FECOF,"ALBERTA, CANADA"
FAX,САЩ
ANVI,САЩ
KUKE,Кайманови-ови
BICX,
AIFE,Кайманови-ови
EOLS,САЩ
CELH,САЩ
FFLO,САЩ
ILAL,САЩ
UK,Кайманови-ови
BXSL,САЩ
TOGI,САЩ
MAPS,Кайманови-ови
SPOWF,"ALBERTA, CANADA"
NMI,САЩ
FCFS,САЩ
TSSI,САЩ
DY,САЩ
GSBC,САЩ
RYAN,САЩ
GMBL,САЩ
HFBL,САЩ
RNA,САЩ
BCDA,САЩ
XTLB,Израел
PTCT,САЩ
RBBN,САЩ
YHGJ,САЩ
MYPS,
AMED,САЩ
ARDT,САЩ
FULT,САЩ
SHMD,Нидерландия
PPBT,Израел
CARE,САЩ
BMWKY,
NOG,
CAF,САЩ
KYN,САЩ
HYMC,САЩ
SRKKS,САЩ
FOXF,САЩ
FBRT,САЩ
BRSHF,"BRITISH COLUMBIA, CANADA"
DLAKY,
JKHY,САЩ
JBL,САЩ
AUNA,
ONDS,САЩ
OCUL,САЩ
REAX,"ONTARIO, CANADA"
NEWT,САЩ
EZPW,САЩ
ZIMV,САЩ
CRON,"BRITISH COLUMBIA, CANADA"
AVNW,САЩ
DSHK,САЩ
AIZ,САЩ
TY,САЩ
MINM,САЩ
JCE,САЩ
SNDA,САЩ
JD,Кайманови-ови
PRME,САЩ
CZWI,САЩ
CVCO,САЩ
YEXT,САЩ
TBBK,САЩ
TYL,САЩ
NAT,
PRQR,
FIGP,САЩ
SWX,САЩ
WK,САЩ
MSGE,САЩ
NLSP,Швейцария
VSTM,САЩ
ERELY,
TPHS,САЩ
XHR,САЩ
TKAYF,Нидерландия
KNDI,
CDIX,САЩ
PDT,САЩ
XPRO,Нидерландия
ULY,САЩ
NFE,САЩ
BMO,"ONTARIO, CANADA"
NNGRY,Нидерландия
ECPG,САЩ
RFL,САЩ
PBSV,
XP,Кайманови-ови
HUDI,Кайманови-ови
WOLF,САЩ
DEO,Обединено кралство
PROCF,Люксембург
PYPD,Израел
SOWG,САЩ
MAT,САЩ
MFIN,САЩ
BMRN,САЩ
LGIQ,САЩ
ESGH,САЩ
USAQ,САЩ
CULP,САЩ
VIPS,
HGTXU,САЩ
ICCRW,САЩ
VLO,САЩ
RLAY,САЩ
ACTU,САЩ
ISSC,САЩ
SEER,САЩ
CBNA,САЩ
NUTR,
LTCN,САЩ
FJIKY,
MIBE,САЩ
OMC,САЩ
AMST,САЩ
RBCN,САЩ
GEV,САЩ
TSPH,САЩ
FETH,САЩ
GDV,САЩ
CWK,JERSEY
LVWR,САЩ
SWVL,"VIRGIN ISLANDS, BRITISH"
NVGS,Маршалови острови
MFON,САЩ
ARRT,
BFAM,
HYLN,САЩ
PPERY,
SKLZ,САЩ
III,САЩ
NWSGY,
AVB,САЩ
META,САЩ
NUW,САЩ
BEEM,САЩ
RCIAX,САЩ
SWKS,САЩ
EC,Колумбия
LNW,САЩ
CHTR,
HQL,САЩ
WRIV,САЩ
GLUE,САЩ
RNBW,"VIRGIN ISLANDS, BRITISH"
DCR,
BDRX,Обединено кралство
PSTL,САЩ
BFLY,САЩ
OLCLY,
GETR,САЩ
O,САЩ
PYN,САЩ
SRZN,САЩ
DELL,САЩ
TGL,САЩ
IE,САЩ
ACCS,
HURA,САЩ
SLVYY,
MCOM,САЩ
MNRO,САЩ
DJT,САЩ
DV,САЩ
SRNW,САЩ
CMRF,САЩ
PUBGY,Франция
KNTK,САЩ
TASK,САЩ
MLI,САЩ
AOXY,САЩ
ICHR,Кайманови-ови
WAL,САЩ
BLTH,САЩ
AM,
PSIG,Кайманови-ови
EMX,"BRITISH COLUMBIA, CANADA"
BCBP,САЩ
GGT,САЩ
GIG,Кайманови-ови
UCL,Кайманови-ови
USAC,
SLVM,САЩ
FERG,САЩ
ENSG,
GIFT,САЩ
BTI,
EPD,САЩ
CHAC,Кайманови-ови
DSWL,
HLN,Обединено кралство
DALN,САЩ
BME,САЩ
PFS,САЩ
SNHO,САЩ
SNN,
YAAS,Кайманови-ови
AMRX,
ASAN,САЩ
AFL,САЩ
SILO,САЩ
GOF,САЩ
MARA,САЩ
ALDF,
KIM,САЩ
HAWEL,САЩ
TYG,САЩ
BNZI,САЩ
NYMT,САЩ
UYSC,Кайманови-ови
NIO,Кайманови-ови
PBYI,САЩ
FCN,САЩ
UAN,САЩ
FGEN,САЩ
AVAI,
ESS,САЩ
TCMD,САЩ
MBOT,САЩ
PBLA,САЩ
NGKSY,
KVAC,
JGH,САЩ
CRMZ,САЩ
MINR,САЩ
IRON,САЩ
STK,САЩ
DDL,Кайманови-ови
NXTT,САЩ
WKEY,Швейцария
IVCBF,
IMUC,САЩ
BSL,
ETJ,
CUBE,САЩ
TRI,"ONTARIO, CANADA"
IVF,САЩ
GVSE,САЩ
SPFI,САЩ
HQY,САЩ
SDCH,САЩ
STSS,САЩ
MAPPF,"BRITISH COLUMBIA, CANADA"
GLBZ,САЩ
NEXA,Люксембург
RSCF,САЩ
SAXPY,
FULC,САЩ
PHVS,Нидерландия
RUSHA,САЩ
PIKM,САЩ
VTYX,САЩ
ONCY,
NWTN,Кайманови-ови
PTHL,
DLR,САЩ
ECBK,САЩ
HWKN,САЩ
BANC,САЩ
GMS,САЩ
SVUHF,Кайманови-ови
RYTM,САЩ
LVPA,САЩ
GNS,Сингапур
TWST,САЩ
MBCN,САЩ
MMTIF,"ONTARIO, CANADA"
KEX,САЩ
ROOT,САЩ
LYTS,САЩ
SES,
NUE,САЩ
ASYS,САЩ
TMRC,САЩ
THW,САЩ
PCSV,САЩ
FRME,САЩ
EBF,САЩ
HNOI,САЩ
RAMP,САЩ
HI,САЩ
RFAI,Кайманови-ови
VERA,САЩ
BRTX,
LSEB,САЩ
PAI,
MCHP,САЩ
MODD,САЩ
NMRA,САЩ
RNST,САЩ
TMGX,САЩ
ENJ,САЩ
ACXP,САЩ
QETH,САЩ
AGI,"ONTARIO, CANADA"
LBCMF,"BRITISH COLUMBIA, CANADA"
REEMF,"BRITISH COLUMBIA, CANADA"
IMTH,САЩ
DMN,"BRITISH COLUMBIA, CANADA"
BMBL,
GULTU,
SMTK,САЩ
EOD,САЩ
EVTV,САЩ
LSE,Кайманови-ови
TSAT,"BRITISH COLUMBIA, CANADA"
EVFM,САЩ
ROYMY,Обединено кралство
FGPR,САЩ
SCNI,Израел
WVFC,САЩ
LICN,Кайманови-ови
INFA,
AVO,САЩ
NRGV,САЩ
HOWL,САЩ
TE,
ZVIA,САЩ
RLBY,САЩ
SUNE,САЩ
INTA,САЩ
VCV,САЩ
ASBP,Кайманови-ови
MVIS,САЩ
VADP,САЩ
IFBD,Кайманови-ови
WHEN,САЩ
RYDE,Кайманови-ови
OXSQ,САЩ
MBRX,
WGO,САЩ
MAYS,САЩ
CEPO,Кайманови-ови
GMER,САЩ
IRS,
QGEN,Нидерландия
EDGM,САЩ
MSCLF,CANADA (FEDERAL LEVEL)
LII,САЩ
VYNE,САЩ
PW,САЩ
CYBN,"ONTARIO, CANADA"
BX,САЩ
RPMT,САЩ
TUPBQ,САЩ
HLEO,САЩ
SGSOY,
HSBC,
FT,САЩ
NMHI,САЩ
ZTO,
FMAO,САЩ
UBCP,САЩ
NMG,CANADA (FEDERAL LEVEL)
FIX,
ATMC,Кайманови-ови
CPT,САЩ
ARTW,САЩ
TDS,САЩ
BMEZ,САЩ
MGTX,
ASB,САЩ
CBKM,САЩ
SHC,САЩ
SEOVF,CANADA (FEDERAL LEVEL)
KDOZF,CANADA (FEDERAL LEVEL)
DHAI,САЩ
TARA,
SYY,САЩ
CGAU,CANADA (FEDERAL LEVEL)
OR,"QUEBEC, CANADA"
SDHY,САЩ
MENS,Кайманови-ови
SMP,САЩ
CNET,САЩ
OB,
GCTK,САЩ
COE,Кайманови-ови
BIOA,САЩ
TTEK,САЩ
ACRV,
INLF,Кайманови-ови
DAC,Маршалови острови
OS,
CMT,САЩ
AMUB,Швейцария
QD,Кайманови-ови
PWDY,САЩ
DRUG,"BRITISH COLUMBIA, CANADA"
LTM,
MFM,САЩ
YGMZ,Кайманови-ови
IPWR,САЩ
LOOP,САЩ
GSAC,САЩ
RHEP,
MVNC,САЩ
PAANF,"BRITISH COLUMBIA, CANADA"
MIND,САЩ
DHCC,САЩ
GAFC,САЩ
ALKS,
MWA,САЩ
LOAR,САЩ
IKNA,САЩ
ALRTF,
AGFY,САЩ
DLTH,
ECPL,САЩ
CMU,САЩ
SELX,"TAIWAN, PROVINCE OF CHINA"
MCBS,САЩ
GURE,САЩ
FGF,
DRD,
LH,
GTX,САЩ
NIM,САЩ
SBAC,САЩ
KCHV,Кайманови-ови
OHCS,САЩ
NTRS,САЩ
EXPI,САЩ
KBLB,САЩ
PHBI,САЩ
CRESY,Аржентина
KANT,САЩ
GLMD,Израел
ASIX,САЩ
ELCG,Кайманови-ови
RBOT,САЩ
MNTS,САЩ
CUYTY,
DDD,САЩ
NMM,Маршалови острови
NEN,САЩ
SLNG,САЩ
DSNY,САЩ
PK,САЩ
EONR,САЩ
STRW,САЩ
AFLYY,Франция
PARR,САЩ
OMGAQ,САЩ
ATAT,Кайманови-ови
CWBC,САЩ
CCTC,
HTBK,САЩ
ATII,
ZBIO,САЩ
HLIO,САЩ
PCK,САЩ
COOT,Кайманови-ови
TIL,САЩ
RDAR,САЩ
GOLF,САЩ
FMX,Мексико
FXC,САЩ
MGTE,САЩ
AGL,САЩ
KMI,САЩ
MBGYY,Германия
VALU,САЩ
OCS,Швейцария
NMFC,UNITED STATES
MCVT,
TBCH,САЩ
AGSS,САЩ
PMT,САЩ
TGS,
VRTC,САЩ
GPCR,Кайманови-ови
MEIP,САЩ
IMMP,Австралия
TPIC,
RWT,САЩ
GJP,
LTRY,САЩ
HCAT,САЩ
MAGE,САЩ
IHT,САЩ
UL,
GWRS,САЩ
INVH,
MX,САЩ
AIRE,САЩ
CRVS,САЩ
ATHM,
PTGX,САЩ
GAIN,САЩ
SND,САЩ
DBD,САЩ
TREO,CANADA (FEDERAL LEVEL)
GSBD,САЩ
JWN,САЩ
SAIA,САЩ
WDLF,САЩ
AMPG,САЩ
CNR,САЩ
LUCD,САЩ
EVRI,САЩ
SOPH,Швейцария
FOA,САЩ
FLOC,
UDR,САЩ
ACHR,
MRAAY,
SUIC,САЩ
SPXX,САЩ
FLYY,
SANA,САЩ
BTTC,САЩ
MEOH,"BRITISH COLUMBIA, CANADA"
ATNI,САЩ
STEP,
TOPS,Маршалови острови
APM,Кайманови-ови
DFDV,САЩ
UGRO,САЩ
MNDY,Израел
CINF,САЩ
PESI,САЩ
RES,
CPRI,"VIRGIN ISLANDS, BRITISH"
JBK,САЩ
KARX,САЩ
MRAM,UNITED STATES
RACE,Нидерландия
SONO,САЩ
AGCO,САЩ
BK,САЩ
MAA,САЩ
SPRU,САЩ
EMR,САЩ
FXY,САЩ
GEG,САЩ
TRST,САЩ
FMS,
ABCP,
SE,Кайманови-ови
TNMG,Кайманови-ови
AXIM,САЩ
LAES,"VIRGIN ISLANDS, BRITISH"
INUV,САЩ
LKFN,САЩ
USCI,
GLASF,"BRITISH COLUMBIA, CANADA"
VECO,САЩ
SUN,САЩ
SW,Ирландия
IFNNY,САЩ
POM,Кайманови-ови
MPX,САЩ
NXE,"BRITISH COLUMBIA, CANADA"
KD,САЩ
IBO,САЩ
NMR,Япония
ALTB,САЩ
CALM,САЩ
LARK,САЩ
EXPD,САЩ
HTGC,САЩ
BRAG,"ONTARIO, CANADA"
ECIA,САЩ
CLRO,САЩ
OPAL,Кайманови-ови
OPRT,САЩ
GPOR,
BOTJ,САЩ
SYIN,САЩ
RTC,Кайманови-ови
NPFD,САЩ
SAGE,САЩ
SVT,САЩ
PEPG,САЩ
REXR,САЩ
POAHY,
LRFC,
PLUR,САЩ
MSI,САЩ
BFH,САЩ
KIQSF,"BRITISH COLUMBIA, CANADA"
ISCO,САЩ
DSRNY,
ADMA,САЩ
RDWR,
ICU,САЩ
CRWS,САЩ
KHC,САЩ
SCHW,САЩ
SLNH,САЩ
MATV,САЩ
CHEV,САЩ
SKIN,САЩ
MSBB,
OFS,
AUDC,Израел
KC,Кайманови-ови
BPTSY,Франция
ATEK,САЩ
IMXI,САЩ
PAY,САЩ
GNLN,САЩ
VEEA,САЩ
MTA,"BRITISH COLUMBIA, CANADA"
TRMB,САЩ
SBXD,
CP,CANADA (FEDERAL LEVEL)
ORLA,CANADA (FEDERAL LEVEL)
TIPT,САЩ
AP,САЩ
EDTK,Кайманови-ови
VRTS,САЩ
ZCMD,Кайманови-ови
CFRUY,
CPOP,Кайманови-ови
VYCO,САЩ
SRTTY,Япония
SYNSY,Белгия
MORN,САЩ
IPHA,Франция
CCBG,САЩ
MAC,САЩ
HGV,САЩ
FSLY,САЩ
SGHC,GUERNSEY
YQ,Кайманови-ови
MEGL,"VIRGIN ISLANDS, BRITISH"
WVE,Сингапур
LUCN,САЩ
WEN,САЩ
MMVVF,
SSGC,САЩ
CASI,Кайманови-ови
PAVM,САЩ
IAUM,САЩ
SPRB,САЩ
MRIN,САЩ
BANR,САЩ
XTNT,САЩ
SSNC,САЩ
FLO,САЩ
VIV,
ZTEK,"ONTARIO, CANADA"
CLBT,
LPSN,САЩ
PACK,Кайманови-ови
VRAX,Кайманови-ови
GBIO,САЩ
AMRN,Обединено кралство
KKPNY,
TVGN,САЩ
FXE,САЩ
VALE,
SWZ,
MCUJF,
TEAF,САЩ
LTESF,САЩ
BBLG,САЩ
TWIN,САЩ
THC,САЩ
TAP,САЩ
GDHG,Кайманови-ови
LARAX,САЩ
GAMB,
BE,САЩ
NYXH,Белгия
KORE,
DMO,САЩ
SPRC,Израел
CTO,САЩ
VYEY,САЩ
FBRX,САЩ
BEP,Бермуди
JXN,САЩ
CAJPY,Япония
GVA,САЩ
NDEKY,
PGZ,САЩ
MPTI,САЩ
TARS,САЩ
STRR,САЩ
PVBC,
LAKE,САЩ
YOSH,САЩ
MNTK,САЩ
PIAC,САЩ
PTVE,
HSTI,САЩ
CUPR,Кайманови-ови
NU,Кайманови-ови
PNDRY,
VRRM,
NML,
PFSI,САЩ
IAC,САЩ
SPXC,САЩ
ABEO,САЩ
BMEA,САЩ
NTRB,САЩ
BCAX,САЩ
AMH,САЩ
SNWV,САЩ
INZY,САЩ
CSAI,САЩ
SINT,САЩ
SDHI,Кайманови-ови
DYNR,САЩ
BNSOF,HONG KONG
NSC,САЩ
ALL,САЩ
XCRT,САЩ
TMCI,САЩ
EHGO,Кайманови-ови
BPYPP,Бермуди
BANL,Кайманови-ови
BLFY,
GUTS,САЩ
IBN,
ARTL,САЩ
ACR,САЩ
GSPI,САЩ
LITM,"MANITOBA, CANADA"
UHT,САЩ
PIII,САЩ
CGBS,Обединено кралство
AERG,САЩ
AIP,САЩ
RSF,
MALG,САЩ
ITXXF,Обединено кралство
SOS,Кайманови-ови
IH,Кайманови-ови
SRL,"BRITISH COLUMBIA, CANADA"
CALC,САЩ
MRM,Япония
CRNX,САЩ
SHYF,САЩ
LVO,САЩ
DEFI,САЩ
RCG,САЩ
TMGI,САЩ
IONI,САЩ
ENVB,САЩ
PHD,САЩ
ASML,
PTC,САЩ
XIN,
FLUT,Ирландия
PRTA,Ирландия
WAVE,Швеция
MASK,"VIRGIN ISLANDS, BRITISH"
BRDG,САЩ
LNSR,САЩ
INVX,САЩ
AONC,САЩ
RKUNY,
DAN,САЩ
AIAS,Сингапур
NWG,Обединено кралство
BEKE,Кайманови-ови
FORD,САЩ
ZLME,
TORO,Маршалови острови
OTIS,САЩ
MSSMY,Япония
ROG,САЩ
RMT,САЩ
MRRTY,
ADX,САЩ
CHD,САЩ
UDMY,САЩ
PRKR,САЩ
CRMD,САЩ
FNCH,САЩ
PLSH,САЩ
PHGE,
SXTC,"VIRGIN ISLANDS, BRITISH"
INKT,САЩ
LIN,Ирландия
CVGW,САЩ
SLVR,
GSTK,САЩ
SNNGF,"BRITISH COLUMBIA, CANADA"
RUM,САЩ
NGD,"BRITISH COLUMBIA, CANADA"
WILC,
SGMO,САЩ
GWSO,САЩ
VTS,САЩ
EBYH,САЩ
FOXX,САЩ
FMTO,"BRITISH COLUMBIA, CANADA"
UPC,Китай
BGS,САЩ
MNY,Кайманови-ови
VRSSF,"BRITISH COLUMBIA, CANADA"
GLST,САЩ
NBND,САЩ
HSTC,САЩ
BB,
PPBI,САЩ
AKAN,"ONTARIO, CANADA"
CLBK,САЩ
SCWO,САЩ
USB,САЩ
EIG,САЩ
XITO,САЩ
OSW,Бахамски острови
BZH,САЩ
ITRG,"BRITISH COLUMBIA, CANADA"
HIO,САЩ
TIC,"VIRGIN ISLANDS, BRITISH"
RLTY,
ANY,
BAER,САЩ
LXRX,САЩ
LIXT,САЩ
TBNK,
SLNO,САЩ
AXDX,САЩ
EDF,САЩ
MJID,Кайманови-ови
EFX,САЩ
ALX,САЩ
FCNCA,САЩ
SCIA,
LOGQ,САЩ
AENT,САЩ
JFIN,Кайманови-ови
GACW,САЩ
NTDTY,
AXIL,САЩ
AVLNF,CANADA (FEDERAL LEVEL)
INIS,САЩ
DMF,САЩ
ELTP,САЩ
OPP,САЩ
MDWD,Израел
BLRX,Израел
TANAF,"VIRGIN ISLANDS, BRITISH"
IZEA,САЩ
ZTR,САЩ
BMBN,САЩ
CNTA,Обединено кралство
VTAK,САЩ
BUSE,САЩ
SSOK,САЩ
KDLY,САЩ
SENS,САЩ
TD,"ONTARIO, CANADA"
PCB,
ZDPY,САЩ
MAIA,САЩ
VIVC,САЩ
KWIK,САЩ
PKBK,САЩ
ALB,САЩ
KRT,САЩ
MOVE,САЩ
ALAB,САЩ
CMC,САЩ
WH,САЩ
FSEN,САЩ
CHH,САЩ
NWPN,САЩ
TENB,САЩ
SON,САЩ
XTGRF,"VIRGIN ISLANDS, BRITISH"
LEJUY,Кайманови-ови
ECX,
LDSN,САЩ
CCO,
NXN,САЩ
CABR,САЩ
PZC,САЩ
VYGR,САЩ
EUDA,"VIRGIN ISLANDS, BRITISH"
LAC,"BRITISH COLUMBIA, CANADA"
KIKOY,Япония
ARQ,
UONE,САЩ
HHH,САЩ
NMS,САЩ
VISM,САЩ
CORBF,
NDOI,САЩ
GLU,САЩ
SPSC,
TEVA,Израел
AGX,САЩ
EPIX,"BRITISH COLUMBIA, CANADA"
BDMD,Кайманови-ови
IMTX,Нидерландия
CGON,САЩ
GME,САЩ
QTIH,САЩ
MTEK,Израел
UNTY,САЩ
DLX,САЩ
DTLAP,САЩ
EADSY,
HIHO,
ATKR,САЩ
CTRE,САЩ
KEN,Сингапур
CRGO,Кайманови-ови
BVN,
MAJI,САЩ
DNA,САЩ
ORC,САЩ
F,САЩ
PBHC,САЩ
COBA,САЩ
BBVA,
PAXH,САЩ
MVRK,САЩ
BWB,САЩ
BURL,САЩ
HLXB,Кайманови-ови
ORCL,
VTOL,
FKST,САЩ
ARI,САЩ
UCB,САЩ
LSTR,САЩ
GSTC,САЩ
GMPW,САЩ
FGL,Кайманови-ови
WTKWY,Нидерландия
PRTH,САЩ
EAF,
HCA,
LOKV,Кайманови-ови
ERIE,САЩ
ICMB,САЩ
SPCB,Израел
NXGL,САЩ
YDDL,
ASND,Дания
GMED,САЩ
DSM,САЩ
GOEVQ,САЩ
CIM,САЩ
ASGN,САЩ
ONEW,САЩ
INVE,САЩ
LUNG,САЩ
TPST,САЩ
MCB,САЩ
RR,САЩ
FFWM,САЩ
RVSN,Израел
BOWN,Кайманови-ови
JHX,
FILG,САЩ
DMNT,
UE,САЩ
HRTG,САЩ
ESLA,
BHP,Австралия
VYND,САЩ
FMBH,САЩ
FLR,САЩ
SJM,САЩ
MGAM,САЩ
UPWK,САЩ
SWAG,САЩ
EGBN,САЩ
CHDN,САЩ
USIC,САЩ
EQIX,САЩ
MRMD,САЩ
MIR,
AGRI,"BRITISH COLUMBIA, CANADA"
EVOK,САЩ
PEO,САЩ
HRL,САЩ
TT,Ирландия
CTRA,САЩ
DAIC,САЩ
SUND,САЩ
TDOC,САЩ
ADNT,Ирландия
IPG,САЩ
PCOR,САЩ
GSOL,САЩ
KTF,САЩ
HCWB,САЩ
ANYYY,Испания
GAME,"ONTARIO, CANADA"
FND,САЩ
LHSW,Кайманови-ови
EHVVF,"ONTARIO, CANADA"
WAT,САЩ
BTSG,САЩ
SONM,САЩ
PRT,САЩ
PWCO,САЩ
WLSS,САЩ
KAVL,
BNET,САЩ
MHGU,САЩ
MAMK,"VIRGIN ISLANDS, BRITISH"
CFFN,САЩ
PAR,САЩ
HOMB,САЩ
SNV,UNITED STATES
SLRC,САЩ
INSP,САЩ
RCMT,САЩ
YOTA,
BSET,САЩ
FET,САЩ
KTCC,САЩ
HPAI,
HSIC,САЩ
GOGL,
JOYY,
MWG,
STEW,САЩ
ARRY,САЩ
KGEI,САЩ
SLND,САЩ
DOOO,"QUEBEC, CANADA"
HSPT,Кайманови-ови
COEP,САЩ
BFK,САЩ
SPHL,Кайманови-ови
FONR,САЩ
CETI,САЩ
ARHS,САЩ
OP,Маршалови острови
WPP,
CRCE,САЩ
SMR,САЩ
ADBE,САЩ
HYSR,САЩ
TZUP,САЩ
ATEN,САЩ
AVXL,
CRKN,САЩ
BNTC,САЩ
ROST,САЩ
GSVRF,"BRITISH COLUMBIA, CANADA"
JBIO,САЩ
LCID,САЩ
CWPE,САЩ
BATL,САЩ
GSRT,Кайманови-ови
WONDF,"BRITISH COLUMBIA, CANADA"
CRDO,Кайманови-ови
CPSR,САЩ
ALLK,САЩ
INO,САЩ
SNEX,САЩ
IZM,Кайманови-ови
MHD,
ZBH,САЩ
CXM,САЩ
FGBI,САЩ
EFT,
RAN,Нидерландия
MGNO,
EPSN,"ALBERTA, CANADA"
NLCP,САЩ
OZK,САЩ
MEC,
DAO,Кайманови-ови
IXAQF,Кайманови-ови
E,
FRHC,САЩ
MCTR,
PDEX,
QCOM,САЩ
ACDC,САЩ
CODA,САЩ
FBK,САЩ
BKR,САЩ
ZBAI,"VIRGIN ISLANDS, BRITISH"
MGNC,САЩ
KNRX,Кайманови-ови
CTMB,Япония
GNTA,Италия
EMP,САЩ
CBSTF,"BRITISH COLUMBIA, CANADA"
MGNI,САЩ
BTCY,САЩ
AMC,САЩ
GLXG,"VIRGIN ISLANDS, BRITISH"
AMKR,САЩ
SAMG,САЩ
BY,
NXST,САЩ
VVPR,Обединено кралство
FHTX,САЩ
DPUI,САЩ
APLM,
ELDN,САЩ
PONY,Кайманови-ови
MA,САЩ
RGA,САЩ
HBM,
DESP,"VIRGIN ISLANDS, BRITISH"
LAWR,Япония
KRO,
VPLM,САЩ
APD,САЩ
OPOF,САЩ
AOGO,САЩ
MTNE,Кайманови-ови
OKE,САЩ
DBL,САЩ
IFHLY,Швейцария
EWCZ,
VALN,Франция
IONR,Австралия
SSB,САЩ
ESMC,САЩ
NXTC,САЩ
CPAC,
CCCX,Кайманови-ови
OPI,САЩ
RCAT,
GTMAY,Мексико
RM,САЩ
VKI,САЩ
ACLS,САЩ
GBLI,САЩ
WEST,САЩ
CAPS,САЩ
BGAVF,"BRITISH COLUMBIA, CANADA"
IHG,САЩ
SGMA,САЩ
ICG,Кайманови-ови
EVOH,САЩ
NRHI,
SDOT,САЩ
CPMD,САЩ
ATHE,Австралия
FFBW,
NEXNY,Франция
FRCB,
QTTOY,Кайманови-ови
NVST,САЩ
HWM,САЩ
VMCAF,Кайманови-ови
ALDA,САЩ
KALV,САЩ
CYN,САЩ
NULGF,"BRITISH COLUMBIA, CANADA"
DGNX,Кайманови-ови
SVRE,Израел
BZZUY,
UVV,САЩ
PN,
TCRX,САЩ
CVAT,
FINW,САЩ
SCTH,САЩ
LOMLF,"BRITISH COLUMBIA, CANADA"
JFIL,САЩ
CLRB,САЩ
XBIT,"BRITISH COLUMBIA, CANADA"
PUMSY,Германия
QMCI,САЩ
ECXJ,САЩ
CWST,САЩ
TREE,САЩ
CYTH,САЩ
APO,САЩ
WF,"KOREA, REPUBLIC OF"
AA,САЩ
SQNS,Франция
GILD,САЩ
UUGRY,Обединено кралство
PETV,САЩ
VRNS,САЩ
PNST,САЩ
TIKK,САЩ
BKE,САЩ
BLCO,
CSBB,САЩ
THRY,САЩ
CTVA,САЩ
NEUP,Австралия
CURX,САЩ
BSY,САЩ
ETO,
VIPZ,САЩ
RPID,САЩ
REPX,САЩ
PLBC,САЩ
VCIG,Малайзия
MOD,САЩ
AURX,САЩ
BTE,
AMBR,
FTDR,САЩ
ABL,САЩ
ROKU,САЩ
MKC,САЩ
WEJTY,
TSHA,САЩ
RGBP,САЩ
FLL,САЩ
KRBPQ,САЩ
VRE,САЩ
FPAY,САЩ
KTOS,САЩ
CURLF,"BRITISH COLUMBIA, CANADA"
GWW,САЩ
ECVT,САЩ
OGN,
AHT,САЩ
OST,Кайманови-ови
ECL,САЩ
STEK,
XEL,САЩ
TBMC,САЩ
GOOD,САЩ
ALLE,Ирландия
STFS,
CIPI,САЩ
GS,САЩ
ESBA,
AI,САЩ
CGTX,САЩ
TROX,Обединено кралство
VTSI,САЩ
IHICY,
ARR,
BKU,САЩ
TM,Япония
LDTC,
GPOX,САЩ
WNFT,САЩ
SNPW,САЩ
CANF,Израел
RIBB,Кайманови-ови
PPC,САЩ
CYRB,UNITED STATES
FORA,САЩ
MARK,САЩ
GDTC,Сингапур
MSAI,САЩ
AMTX,САЩ
BMA,Аржентина
TCPC,САЩ
AHH,САЩ
HAFG,САЩ
LX,Кайманови-ови
KOS,САЩ
ASTC,САЩ
BVFL,САЩ
AVPMF,"BRITISH COLUMBIA, CANADA"
MANA,САЩ
GTI,Малайзия
AEHL,"VIRGIN ISLANDS, BRITISH"
ITRM,Ирландия
SNAP,САЩ
GRLF,САЩ
HUT,САЩ
CHRW,САЩ
TMHC,САЩ
UGI,САЩ
STEC,Кайманови-ови
NKLAQ,САЩ
ANVS,САЩ
GTBP,САЩ
CLIR,САЩ
RC,САЩ
SMSI,САЩ
IBG,Австралия
HXL,САЩ
GLTO,САЩ
UOKA,Кайманови-ови
DRCT,САЩ
MDNAF,CANADA (FEDERAL LEVEL)
ITOR,
FTS,"NEWFOUNDLAND, CANADA"
VTGN,САЩ
EOS,
MTCH,САЩ
STXS,САЩ
CLWT,"VIRGIN ISLANDS, BRITISH"
CDP,САЩ
JACK,САЩ
ASRV,САЩ
HTHT,Кайманови-ови
GMRE,САЩ
BCAL,САЩ
TARSF,"BRITISH COLUMBIA, CANADA"
CEV,
NCNO,САЩ
PDS,"ALBERTA, CANADA"
KTH,САЩ
KSS,САЩ
WMK,САЩ
AMTD,Кайманови-ови
ALTO,САЩ
DSEEY,Япония
ACUT,САЩ
CLVT,JERSEY
PNF,САЩ
NRIM,САЩ
PRGO,Ирландия
IKT,САЩ
CROX,
VEVMQ,"BRITISH COLUMBIA, CANADA"
MXCT,САЩ
GMM,Кайманови-ови
EA,САЩ
SNNC,САЩ
TIVC,САЩ
ENR,САЩ
ALCE,САЩ
ABIT,САЩ
DAVA,Обединено кралство
ATGE,САЩ
GESI,САЩ
MSVB,
NXT,САЩ
MFIC,САЩ
HON,САЩ
SUP,САЩ
DOGZ,"VIRGIN ISLANDS, BRITISH"
ANTE,Кайманови-ови
KRON,САЩ
UUU,САЩ
DEFT,САЩ
WLDN,САЩ
OPHC,САЩ
ESTC,Нидерландия
LFWD,Израел
CTHR,САЩ
CRCUF,"BRITISH COLUMBIA, CANADA"
RVRF,САЩ
MGON,САЩ
HAGHY,
JEQ,САЩ
IBEX,Бермуди
AARD,САЩ
DDCIU,САЩ
APYX,САЩ
TEX,САЩ
PRIM,САЩ
ADMQ,САЩ
LRMR,САЩ
CLM,САЩ
KDCE,САЩ
MQY,САЩ
HIT,
CRT,САЩ
RDY,
VREOF,"BRITISH COLUMBIA, CANADA"
RBB,САЩ
FRST,САЩ
DTII,САЩ
BTBT,Кайманови-ови
PFFLX,САЩ
GNW,САЩ
NCTY,Кайманови-ови
BDTX,САЩ
SBS,Бразилия
PAYX,САЩ
CVSI,САЩ
CDLX,САЩ
BLIV,Кайманови-ови
LASE,САЩ
CDRE,САЩ
VNJA,САЩ
MSM,САЩ
BTSGY,
ARQT,САЩ
PMO,САЩ
GWLIF,CANADA (FEDERAL LEVEL)
LDWY,САЩ
RNLXY,Обединено кралство
CDTX,САЩ
DUOL,САЩ
AKBA,САЩ
ADP,САЩ
QUAD,САЩ
BL,САЩ
NATH,САЩ
EEIQ,"VIRGIN ISLANDS, BRITISH"
WST,САЩ
XLO,САЩ
CVRX,САЩ
SKY,САЩ
CASH,САЩ
AIXN,САЩ
SBR,САЩ
NDMO,САЩ
LPTX,САЩ
CYD,
SNTI,САЩ
SATS,САЩ
TRP,"ALBERTA, CANADA"
NTRA,САЩ
NABL,
DARE,САЩ
AMAT,DC
GHI,САЩ
CSTL,САЩ
KACLF,Кайманови-ови
PT,Кайманови-ови
CLCO,Бермуди
COPR,САЩ
BLPG,САЩ
LCCC,
NMIH,САЩ
AXY,САЩ
SGI,САЩ
MRKR,САЩ
RCWBY,Дания
RPTX,CANADA (FEDERAL LEVEL)
EDPFY,
LQMT,САЩ
SMKG,САЩ
CDIO,САЩ
EBTC,САЩ
BAFBF,
SRM,САЩ
MDXH,Белгия
CHRS,САЩ
MNKD,САЩ
J,САЩ
HGYN,САЩ
EFSI,САЩ
OMI,САЩ
USCTF,Кайманови-ови
KRYS,
FINR,САЩ
SCYX,
LHX,САЩ
SPWH,САЩ
MNST,
CAH,САЩ
CVAC,Нидерландия
AAMTF,"BRITISH COLUMBIA, CANADA"
EACO,САЩ
TMP,САЩ
GDEN,САЩ
SSII,САЩ
SKYQ,САЩ
JACS,
ATVK,САЩ
RMI,САЩ
NWPP,САЩ
MEGI,САЩ
GEHC,САЩ
FRSX,Израел
DMAC,CANADA (FEDERAL LEVEL)
NZF,САЩ
ALMU,САЩ
UBER,САЩ
STRO,
EDXC,САЩ
NRDS,САЩ
BHB,САЩ
EMYB,САЩ
OSCR,САЩ
INDV,Обединено кралство
CCNE,САЩ
STM,Нидерландия
MRTN,САЩ
MTSI,САЩ
FOLD,САЩ
ARTNA,САЩ
ANNA,САЩ
YMM,Кайманови-ови
ULTA,
NIKA,САЩ
AGYS,САЩ
CYBR,
SSVFF,"BRITISH COLUMBIA, CANADA"
TFSL,САЩ
ANRO,САЩ